filename,path,speaker,emotion,emotion_id
liuchanhg_happy_231.wav,data\processed\CASIA\train\liuchanhg_happy_231.wav,liuchanhg,happy,1
liuchanhg_happy_237.wav,data\processed\CASIA\train\liuchanhg_happy_237.wav,liuchanhg,happy,1
liuchanhg_angry_227.wav,data\processed\CASIA\train\liuchanhg_angry_227.wav,liuchanhg,angry,3
liuchanhg_sad_212.wav,data\processed\CASIA\train\liuchanhg_sad_212.wav,liuchanhg,sad,2
liuchanhg_happy_236.wav,data\processed\CASIA\train\liuchanhg_happy_236.wav,liuchanhg,happy,1
liuchanhg_neutral_227.wav,data\processed\CASIA\train\liuchanhg_neutral_227.wav,liuchanhg,neutral,0
liuchanhg_surprise_237.wav,data\processed\CASIA\train\liuchanhg_surprise_237.wav,liuchanhg,surprise,5
liuchanhg_happy_250.wav,data\processed\CASIA\train\liuchanhg_happy_250.wav,liuchanhg,happy,1
liuchanhg_neutral_221.wav,data\processed\CASIA\train\liuchanhg_neutral_221.wav,liuchanhg,neutral,0
liuchanhg_neutral_246.wav,data\processed\CASIA\train\liuchanhg_neutral_246.wav,liuchanhg,neutral,0
liuchanhg_sad_249.wav,data\processed\CASIA\train\liuchanhg_sad_249.wav,liuchanhg,sad,2
liuchanhg_surprise_217.wav,data\processed\CASIA\train\liuchanhg_surprise_217.wav,liuchanhg,surprise,5
liuchanhg_sad_247.wav,data\processed\CASIA\train\liuchanhg_sad_247.wav,liuchanhg,sad,2
liuchanhg_happy_211.wav,data\processed\CASIA\train\liuchanhg_happy_211.wav,liuchanhg,happy,1
liuchanhg_angry_213.wav,data\processed\CASIA\train\liuchanhg_angry_213.wav,liuchanhg,angry,3
liuchanhg_fear_211.wav,data\processed\CASIA\train\liuchanhg_fear_211.wav,liuchanhg,fear,4
liuchanhg_happy_219.wav,data\processed\CASIA\train\liuchanhg_happy_219.wav,liuchanhg,happy,1
liuchanhg_angry_230.wav,data\processed\CASIA\train\liuchanhg_angry_230.wav,liuchanhg,angry,3
liuchanhg_surprise_222.wav,data\processed\CASIA\train\liuchanhg_surprise_222.wav,liuchanhg,surprise,5
liuchanhg_surprise_219.wav,data\processed\CASIA\train\liuchanhg_surprise_219.wav,liuchanhg,surprise,5
liuchanhg_neutral_216.wav,data\processed\CASIA\train\liuchanhg_neutral_216.wav,liuchanhg,neutral,0
liuchanhg_happy_213.wav,data\processed\CASIA\train\liuchanhg_happy_213.wav,liuchanhg,happy,1
liuchanhg_happy_243.wav,data\processed\CASIA\train\liuchanhg_happy_243.wav,liuchanhg,happy,1
liuchanhg_surprise_216.wav,data\processed\CASIA\train\liuchanhg_surprise_216.wav,liuchanhg,surprise,5
liuchanhg_neutral_240.wav,data\processed\CASIA\train\liuchanhg_neutral_240.wav,liuchanhg,neutral,0
liuchanhg_sad_215.wav,data\processed\CASIA\train\liuchanhg_sad_215.wav,liuchanhg,sad,2
liuchanhg_happy_218.wav,data\processed\CASIA\train\liuchanhg_happy_218.wav,liuchanhg,happy,1
liuchanhg_fear_240.wav,data\processed\CASIA\train\liuchanhg_fear_240.wav,liuchanhg,fear,4
liuchanhg_sad_204.wav,data\processed\CASIA\train\liuchanhg_sad_204.wav,liuchanhg,sad,2
liuchanhg_neutral_245.wav,data\processed\CASIA\train\liuchanhg_neutral_245.wav,liuchanhg,neutral,0
liuchanhg_angry_240.wav,data\processed\CASIA\train\liuchanhg_angry_240.wav,liuchanhg,angry,3
liuchanhg_sad_240.wav,data\processed\CASIA\train\liuchanhg_sad_240.wav,liuchanhg,sad,2
liuchanhg_sad_236.wav,data\processed\CASIA\train\liuchanhg_sad_236.wav,liuchanhg,sad,2
liuchanhg_angry_220.wav,data\processed\CASIA\train\liuchanhg_angry_220.wav,liuchanhg,angry,3
liuchanhg_happy_206.wav,data\processed\CASIA\train\liuchanhg_happy_206.wav,liuchanhg,happy,1
liuchanhg_sad_218.wav,data\processed\CASIA\train\liuchanhg_sad_218.wav,liuchanhg,sad,2
liuchanhg_surprise_243.wav,data\processed\CASIA\train\liuchanhg_surprise_243.wav,liuchanhg,surprise,5
liuchanhg_sad_222.wav,data\processed\CASIA\train\liuchanhg_sad_222.wav,liuchanhg,sad,2
liuchanhg_happy_244.wav,data\processed\CASIA\train\liuchanhg_happy_244.wav,liuchanhg,happy,1
liuchanhg_surprise_213.wav,data\processed\CASIA\train\liuchanhg_surprise_213.wav,liuchanhg,surprise,5
liuchanhg_surprise_206.wav,data\processed\CASIA\train\liuchanhg_surprise_206.wav,liuchanhg,surprise,5
liuchanhg_fear_229.wav,data\processed\CASIA\train\liuchanhg_fear_229.wav,liuchanhg,fear,4
liuchanhg_sad_239.wav,data\processed\CASIA\train\liuchanhg_sad_239.wav,liuchanhg,sad,2
liuchanhg_fear_221.wav,data\processed\CASIA\train\liuchanhg_fear_221.wav,liuchanhg,fear,4
liuchanhg_neutral_204.wav,data\processed\CASIA\train\liuchanhg_neutral_204.wav,liuchanhg,neutral,0
liuchanhg_happy_220.wav,data\processed\CASIA\train\liuchanhg_happy_220.wav,liuchanhg,happy,1
liuchanhg_happy_204.wav,data\processed\CASIA\train\liuchanhg_happy_204.wav,liuchanhg,happy,1
liuchanhg_sad_241.wav,data\processed\CASIA\train\liuchanhg_sad_241.wav,liuchanhg,sad,2
liuchanhg_neutral_248.wav,data\processed\CASIA\train\liuchanhg_neutral_248.wav,liuchanhg,neutral,0
liuchanhg_fear_243.wav,data\processed\CASIA\train\liuchanhg_fear_243.wav,liuchanhg,fear,4
liuchanhg_happy_214.wav,data\processed\CASIA\train\liuchanhg_happy_214.wav,liuchanhg,happy,1
liuchanhg_sad_225.wav,data\processed\CASIA\train\liuchanhg_sad_225.wav,liuchanhg,sad,2
liuchanhg_surprise_224.wav,data\processed\CASIA\train\liuchanhg_surprise_224.wav,liuchanhg,surprise,5
liuchanhg_fear_210.wav,data\processed\CASIA\train\liuchanhg_fear_210.wav,liuchanhg,fear,4
liuchanhg_neutral_231.wav,data\processed\CASIA\train\liuchanhg_neutral_231.wav,liuchanhg,neutral,0
liuchanhg_happy_202.wav,data\processed\CASIA\train\liuchanhg_happy_202.wav,liuchanhg,happy,1
liuchanhg_angry_231.wav,data\processed\CASIA\train\liuchanhg_angry_231.wav,liuchanhg,angry,3
liuchanhg_happy_230.wav,data\processed\CASIA\train\liuchanhg_happy_230.wav,liuchanhg,happy,1
liuchanhg_angry_234.wav,data\processed\CASIA\train\liuchanhg_angry_234.wav,liuchanhg,angry,3
liuchanhg_neutral_225.wav,data\processed\CASIA\train\liuchanhg_neutral_225.wav,liuchanhg,neutral,0
liuchanhg_happy_247.wav,data\processed\CASIA\train\liuchanhg_happy_247.wav,liuchanhg,happy,1
liuchanhg_surprise_247.wav,data\processed\CASIA\train\liuchanhg_surprise_247.wav,liuchanhg,surprise,5
liuchanhg_sad_235.wav,data\processed\CASIA\train\liuchanhg_sad_235.wav,liuchanhg,sad,2
liuchanhg_happy_210.wav,data\processed\CASIA\train\liuchanhg_happy_210.wav,liuchanhg,happy,1
liuchanhg_happy_225.wav,data\processed\CASIA\train\liuchanhg_happy_225.wav,liuchanhg,happy,1
liuchanhg_sad_243.wav,data\processed\CASIA\train\liuchanhg_sad_243.wav,liuchanhg,sad,2
liuchanhg_angry_202.wav,data\processed\CASIA\train\liuchanhg_angry_202.wav,liuchanhg,angry,3
liuchanhg_surprise_246.wav,data\processed\CASIA\train\liuchanhg_surprise_246.wav,liuchanhg,surprise,5
liuchanhg_neutral_249.wav,data\processed\CASIA\train\liuchanhg_neutral_249.wav,liuchanhg,neutral,0
liuchanhg_angry_214.wav,data\processed\CASIA\train\liuchanhg_angry_214.wav,liuchanhg,angry,3
liuchanhg_angry_205.wav,data\processed\CASIA\train\liuchanhg_angry_205.wav,liuchanhg,angry,3
liuchanhg_angry_233.wav,data\processed\CASIA\train\liuchanhg_angry_233.wav,liuchanhg,angry,3
liuchanhg_angry_225.wav,data\processed\CASIA\train\liuchanhg_angry_225.wav,liuchanhg,angry,3
liuchanhg_happy_246.wav,data\processed\CASIA\train\liuchanhg_happy_246.wav,liuchanhg,happy,1
liuchanhg_happy_203.wav,data\processed\CASIA\train\liuchanhg_happy_203.wav,liuchanhg,happy,1
liuchanhg_happy_245.wav,data\processed\CASIA\train\liuchanhg_happy_245.wav,liuchanhg,happy,1
liuchanhg_happy_216.wav,data\processed\CASIA\train\liuchanhg_happy_216.wav,liuchanhg,happy,1
liuchanhg_neutral_250.wav,data\processed\CASIA\train\liuchanhg_neutral_250.wav,liuchanhg,neutral,0
liuchanhg_neutral_238.wav,data\processed\CASIA\train\liuchanhg_neutral_238.wav,liuchanhg,neutral,0
liuchanhg_angry_248.wav,data\processed\CASIA\train\liuchanhg_angry_248.wav,liuchanhg,angry,3
liuchanhg_surprise_229.wav,data\processed\CASIA\train\liuchanhg_surprise_229.wav,liuchanhg,surprise,5
liuchanhg_neutral_234.wav,data\processed\CASIA\train\liuchanhg_neutral_234.wav,liuchanhg,neutral,0
liuchanhg_neutral_205.wav,data\processed\CASIA\train\liuchanhg_neutral_205.wav,liuchanhg,neutral,0
liuchanhg_neutral_233.wav,data\processed\CASIA\train\liuchanhg_neutral_233.wav,liuchanhg,neutral,0
liuchanhg_fear_246.wav,data\processed\CASIA\train\liuchanhg_fear_246.wav,liuchanhg,fear,4
liuchanhg_fear_232.wav,data\processed\CASIA\train\liuchanhg_fear_232.wav,liuchanhg,fear,4
liuchanhg_fear_231.wav,data\processed\CASIA\train\liuchanhg_fear_231.wav,liuchanhg,fear,4
liuchanhg_surprise_202.wav,data\processed\CASIA\train\liuchanhg_surprise_202.wav,liuchanhg,surprise,5
liuchanhg_surprise_212.wav,data\processed\CASIA\train\liuchanhg_surprise_212.wav,liuchanhg,surprise,5
liuchanhg_angry_218.wav,data\processed\CASIA\train\liuchanhg_angry_218.wav,liuchanhg,angry,3
liuchanhg_happy_226.wav,data\processed\CASIA\train\liuchanhg_happy_226.wav,liuchanhg,happy,1
liuchanhg_fear_233.wav,data\processed\CASIA\train\liuchanhg_fear_233.wav,liuchanhg,fear,4
liuchanhg_surprise_238.wav,data\processed\CASIA\train\liuchanhg_surprise_238.wav,liuchanhg,surprise,5
liuchanhg_neutral_211.wav,data\processed\CASIA\train\liuchanhg_neutral_211.wav,liuchanhg,neutral,0
liuchanhg_sad_210.wav,data\processed\CASIA\train\liuchanhg_sad_210.wav,liuchanhg,sad,2
liuchanhg_sad_244.wav,data\processed\CASIA\train\liuchanhg_sad_244.wav,liuchanhg,sad,2
liuchanhg_fear_238.wav,data\processed\CASIA\train\liuchanhg_fear_238.wav,liuchanhg,fear,4
liuchanhg_fear_223.wav,data\processed\CASIA\train\liuchanhg_fear_223.wav,liuchanhg,fear,4
liuchanhg_fear_225.wav,data\processed\CASIA\train\liuchanhg_fear_225.wav,liuchanhg,fear,4
liuchanhg_sad_224.wav,data\processed\CASIA\train\liuchanhg_sad_224.wav,liuchanhg,sad,2
liuchanhg_neutral_223.wav,data\processed\CASIA\train\liuchanhg_neutral_223.wav,liuchanhg,neutral,0
liuchanhg_happy_224.wav,data\processed\CASIA\train\liuchanhg_happy_224.wav,liuchanhg,happy,1
liuchanhg_neutral_217.wav,data\processed\CASIA\train\liuchanhg_neutral_217.wav,liuchanhg,neutral,0
liuchanhg_surprise_208.wav,data\processed\CASIA\train\liuchanhg_surprise_208.wav,liuchanhg,surprise,5
liuchanhg_fear_241.wav,data\processed\CASIA\train\liuchanhg_fear_241.wav,liuchanhg,fear,4
liuchanhg_sad_206.wav,data\processed\CASIA\train\liuchanhg_sad_206.wav,liuchanhg,sad,2
liuchanhg_surprise_250.wav,data\processed\CASIA\train\liuchanhg_surprise_250.wav,liuchanhg,surprise,5
liuchanhg_sad_231.wav,data\processed\CASIA\train\liuchanhg_sad_231.wav,liuchanhg,sad,2
liuchanhg_surprise_210.wav,data\processed\CASIA\train\liuchanhg_surprise_210.wav,liuchanhg,surprise,5
liuchanhg_surprise_242.wav,data\processed\CASIA\train\liuchanhg_surprise_242.wav,liuchanhg,surprise,5
liuchanhg_fear_242.wav,data\processed\CASIA\train\liuchanhg_fear_242.wav,liuchanhg,fear,4
liuchanhg_neutral_212.wav,data\processed\CASIA\train\liuchanhg_neutral_212.wav,liuchanhg,neutral,0
liuchanhg_sad_230.wav,data\processed\CASIA\train\liuchanhg_sad_230.wav,liuchanhg,sad,2
liuchanhg_fear_212.wav,data\processed\CASIA\train\liuchanhg_fear_212.wav,liuchanhg,fear,4
liuchanhg_happy_222.wav,data\processed\CASIA\train\liuchanhg_happy_222.wav,liuchanhg,happy,1
liuchanhg_happy_215.wav,data\processed\CASIA\train\liuchanhg_happy_215.wav,liuchanhg,happy,1
liuchanhg_angry_204.wav,data\processed\CASIA\train\liuchanhg_angry_204.wav,liuchanhg,angry,3
liuchanhg_happy_221.wav,data\processed\CASIA\train\liuchanhg_happy_221.wav,liuchanhg,happy,1
liuchanhg_surprise_244.wav,data\processed\CASIA\train\liuchanhg_surprise_244.wav,liuchanhg,surprise,5
liuchanhg_happy_229.wav,data\processed\CASIA\train\liuchanhg_happy_229.wav,liuchanhg,happy,1
liuchanhg_angry_209.wav,data\processed\CASIA\train\liuchanhg_angry_209.wav,liuchanhg,angry,3
liuchanhg_angry_207.wav,data\processed\CASIA\train\liuchanhg_angry_207.wav,liuchanhg,angry,3
liuchanhg_neutral_214.wav,data\processed\CASIA\train\liuchanhg_neutral_214.wav,liuchanhg,neutral,0
liuchanhg_surprise_227.wav,data\processed\CASIA\train\liuchanhg_surprise_227.wav,liuchanhg,surprise,5
liuchanhg_fear_237.wav,data\processed\CASIA\train\liuchanhg_fear_237.wav,liuchanhg,fear,4
liuchanhg_angry_216.wav,data\processed\CASIA\train\liuchanhg_angry_216.wav,liuchanhg,angry,3
liuchanhg_fear_201.wav,data\processed\CASIA\train\liuchanhg_fear_201.wav,liuchanhg,fear,4
liuchanhg_fear_230.wav,data\processed\CASIA\train\liuchanhg_fear_230.wav,liuchanhg,fear,4
liuchanhg_fear_224.wav,data\processed\CASIA\train\liuchanhg_fear_224.wav,liuchanhg,fear,4
liuchanhg_fear_215.wav,data\processed\CASIA\train\liuchanhg_fear_215.wav,liuchanhg,fear,4
liuchanhg_angry_238.wav,data\processed\CASIA\train\liuchanhg_angry_238.wav,liuchanhg,angry,3
liuchanhg_fear_222.wav,data\processed\CASIA\train\liuchanhg_fear_222.wav,liuchanhg,fear,4
liuchanhg_sad_209.wav,data\processed\CASIA\train\liuchanhg_sad_209.wav,liuchanhg,sad,2
liuchanhg_angry_201.wav,data\processed\CASIA\train\liuchanhg_angry_201.wav,liuchanhg,angry,3
liuchanhg_fear_247.wav,data\processed\CASIA\train\liuchanhg_fear_247.wav,liuchanhg,fear,4
liuchanhg_fear_245.wav,data\processed\CASIA\train\liuchanhg_fear_245.wav,liuchanhg,fear,4
liuchanhg_neutral_244.wav,data\processed\CASIA\train\liuchanhg_neutral_244.wav,liuchanhg,neutral,0
liuchanhg_sad_208.wav,data\processed\CASIA\train\liuchanhg_sad_208.wav,liuchanhg,sad,2
liuchanhg_sad_227.wav,data\processed\CASIA\train\liuchanhg_sad_227.wav,liuchanhg,sad,2
liuchanhg_neutral_237.wav,data\processed\CASIA\train\liuchanhg_neutral_237.wav,liuchanhg,neutral,0
liuchanhg_neutral_203.wav,data\processed\CASIA\train\liuchanhg_neutral_203.wav,liuchanhg,neutral,0
liuchanhg_happy_240.wav,data\processed\CASIA\train\liuchanhg_happy_240.wav,liuchanhg,happy,1
liuchanhg_angry_212.wav,data\processed\CASIA\train\liuchanhg_angry_212.wav,liuchanhg,angry,3
liuchanhg_neutral_224.wav,data\processed\CASIA\train\liuchanhg_neutral_224.wav,liuchanhg,neutral,0
liuchanhg_sad_229.wav,data\processed\CASIA\train\liuchanhg_sad_229.wav,liuchanhg,sad,2
liuchanhg_happy_223.wav,data\processed\CASIA\train\liuchanhg_happy_223.wav,liuchanhg,happy,1
liuchanhg_sad_238.wav,data\processed\CASIA\train\liuchanhg_sad_238.wav,liuchanhg,sad,2
liuchanhg_fear_227.wav,data\processed\CASIA\train\liuchanhg_fear_227.wav,liuchanhg,fear,4
liuchanhg_surprise_226.wav,data\processed\CASIA\train\liuchanhg_surprise_226.wav,liuchanhg,surprise,5
liuchanhg_angry_232.wav,data\processed\CASIA\train\liuchanhg_angry_232.wav,liuchanhg,angry,3
liuchanhg_angry_247.wav,data\processed\CASIA\train\liuchanhg_angry_247.wav,liuchanhg,angry,3
liuchanhg_surprise_232.wav,data\processed\CASIA\train\liuchanhg_surprise_232.wav,liuchanhg,surprise,5
liuchanhg_fear_249.wav,data\processed\CASIA\train\liuchanhg_fear_249.wav,liuchanhg,fear,4
liuchanhg_neutral_235.wav,data\processed\CASIA\train\liuchanhg_neutral_235.wav,liuchanhg,neutral,0
liuchanhg_sad_220.wav,data\processed\CASIA\train\liuchanhg_sad_220.wav,liuchanhg,sad,2
liuchanhg_happy_201.wav,data\processed\CASIA\train\liuchanhg_happy_201.wav,liuchanhg,happy,1
liuchanhg_sad_234.wav,data\processed\CASIA\train\liuchanhg_sad_234.wav,liuchanhg,sad,2
liuchanhg_happy_232.wav,data\processed\CASIA\train\liuchanhg_happy_232.wav,liuchanhg,happy,1
liuchanhg_angry_235.wav,data\processed\CASIA\train\liuchanhg_angry_235.wav,liuchanhg,angry,3
liuchanhg_fear_239.wav,data\processed\CASIA\train\liuchanhg_fear_239.wav,liuchanhg,fear,4
liuchanhg_neutral_208.wav,data\processed\CASIA\train\liuchanhg_neutral_208.wav,liuchanhg,neutral,0
liuchanhg_happy_238.wav,data\processed\CASIA\train\liuchanhg_happy_238.wav,liuchanhg,happy,1
liuchanhg_angry_249.wav,data\processed\CASIA\train\liuchanhg_angry_249.wav,liuchanhg,angry,3
liuchanhg_neutral_219.wav,data\processed\CASIA\train\liuchanhg_neutral_219.wav,liuchanhg,neutral,0
liuchanhg_fear_219.wav,data\processed\CASIA\train\liuchanhg_fear_219.wav,liuchanhg,fear,4
liuchanhg_surprise_214.wav,data\processed\CASIA\train\liuchanhg_surprise_214.wav,liuchanhg,surprise,5
liuchanhg_angry_242.wav,data\processed\CASIA\train\liuchanhg_angry_242.wav,liuchanhg,angry,3
liuchanhg_fear_234.wav,data\processed\CASIA\train\liuchanhg_fear_234.wav,liuchanhg,fear,4
liuchanhg_angry_222.wav,data\processed\CASIA\train\liuchanhg_angry_222.wav,liuchanhg,angry,3
liuchanhg_angry_246.wav,data\processed\CASIA\train\liuchanhg_angry_246.wav,liuchanhg,angry,3
liuchanhg_sad_221.wav,data\processed\CASIA\train\liuchanhg_sad_221.wav,liuchanhg,sad,2
liuchanhg_surprise_209.wav,data\processed\CASIA\train\liuchanhg_surprise_209.wav,liuchanhg,surprise,5
liuchanhg_fear_216.wav,data\processed\CASIA\train\liuchanhg_fear_216.wav,liuchanhg,fear,4
liuchanhg_neutral_218.wav,data\processed\CASIA\train\liuchanhg_neutral_218.wav,liuchanhg,neutral,0
liuchanhg_angry_228.wav,data\processed\CASIA\train\liuchanhg_angry_228.wav,liuchanhg,angry,3
liuchanhg_happy_227.wav,data\processed\CASIA\train\liuchanhg_happy_227.wav,liuchanhg,happy,1
liuchanhg_angry_206.wav,data\processed\CASIA\train\liuchanhg_angry_206.wav,liuchanhg,angry,3
liuchanhg_surprise_245.wav,data\processed\CASIA\train\liuchanhg_surprise_245.wav,liuchanhg,surprise,5
liuchanhg_surprise_249.wav,data\processed\CASIA\train\liuchanhg_surprise_249.wav,liuchanhg,surprise,5
liuchanhg_angry_245.wav,data\processed\CASIA\train\liuchanhg_angry_245.wav,liuchanhg,angry,3
liuchanhg_angry_226.wav,data\processed\CASIA\train\liuchanhg_angry_226.wav,liuchanhg,angry,3
liuchanhg_surprise_220.wav,data\processed\CASIA\train\liuchanhg_surprise_220.wav,liuchanhg,surprise,5
liuchanhg_fear_205.wav,data\processed\CASIA\train\liuchanhg_fear_205.wav,liuchanhg,fear,4
liuchanhg_neutral_241.wav,data\processed\CASIA\train\liuchanhg_neutral_241.wav,liuchanhg,neutral,0
liuchanhg_fear_203.wav,data\processed\CASIA\train\liuchanhg_fear_203.wav,liuchanhg,fear,4
liuchanhg_sad_216.wav,data\processed\CASIA\train\liuchanhg_sad_216.wav,liuchanhg,sad,2
liuchanhg_angry_217.wav,data\processed\CASIA\train\liuchanhg_angry_217.wav,liuchanhg,angry,3
liuchanhg_neutral_210.wav,data\processed\CASIA\train\liuchanhg_neutral_210.wav,liuchanhg,neutral,0
liuchanhg_neutral_226.wav,data\processed\CASIA\train\liuchanhg_neutral_226.wav,liuchanhg,neutral,0
liuchanhg_surprise_215.wav,data\processed\CASIA\train\liuchanhg_surprise_215.wav,liuchanhg,surprise,5
liuchanhg_surprise_236.wav,data\processed\CASIA\train\liuchanhg_surprise_236.wav,liuchanhg,surprise,5
liuchanhg_surprise_205.wav,data\processed\CASIA\train\liuchanhg_surprise_205.wav,liuchanhg,surprise,5
liuchanhg_surprise_203.wav,data\processed\CASIA\train\liuchanhg_surprise_203.wav,liuchanhg,surprise,5
liuchanhg_sad_214.wav,data\processed\CASIA\train\liuchanhg_sad_214.wav,liuchanhg,sad,2
liuchanhg_surprise_221.wav,data\processed\CASIA\train\liuchanhg_surprise_221.wav,liuchanhg,surprise,5
liuchanhg_neutral_201.wav,data\processed\CASIA\train\liuchanhg_neutral_201.wav,liuchanhg,neutral,0
liuchanhg_neutral_247.wav,data\processed\CASIA\train\liuchanhg_neutral_247.wav,liuchanhg,neutral,0
liuchanhg_neutral_209.wav,data\processed\CASIA\train\liuchanhg_neutral_209.wav,liuchanhg,neutral,0
liuchanhg_sad_213.wav,data\processed\CASIA\train\liuchanhg_sad_213.wav,liuchanhg,sad,2
liuchanhg_fear_250.wav,data\processed\CASIA\train\liuchanhg_fear_250.wav,liuchanhg,fear,4
liuchanhg_angry_210.wav,data\processed\CASIA\train\liuchanhg_angry_210.wav,liuchanhg,angry,3
liuchanhg_sad_207.wav,data\processed\CASIA\train\liuchanhg_sad_207.wav,liuchanhg,sad,2
liuchanhg_angry_237.wav,data\processed\CASIA\train\liuchanhg_angry_237.wav,liuchanhg,angry,3
liuchanhg_fear_218.wav,data\processed\CASIA\train\liuchanhg_fear_218.wav,liuchanhg,fear,4
liuchanhg_sad_242.wav,data\processed\CASIA\train\liuchanhg_sad_242.wav,liuchanhg,sad,2
liuchanhg_sad_211.wav,data\processed\CASIA\train\liuchanhg_sad_211.wav,liuchanhg,sad,2
liuchanhg_surprise_204.wav,data\processed\CASIA\train\liuchanhg_surprise_204.wav,liuchanhg,surprise,5
liuchanhg_sad_205.wav,data\processed\CASIA\train\liuchanhg_sad_205.wav,liuchanhg,sad,2
liuchanhg_fear_213.wav,data\processed\CASIA\train\liuchanhg_fear_213.wav,liuchanhg,fear,4
liuchanhg_surprise_234.wav,data\processed\CASIA\train\liuchanhg_surprise_234.wav,liuchanhg,surprise,5
wangzhe_happy_231.wav,data\processed\CASIA\train\wangzhe_happy_231.wav,wangzhe,happy,1
wangzhe_happy_237.wav,data\processed\CASIA\train\wangzhe_happy_237.wav,wangzhe,happy,1
wangzhe_angry_227.wav,data\processed\CASIA\train\wangzhe_angry_227.wav,wangzhe,angry,3
wangzhe_sad_212.wav,data\processed\CASIA\train\wangzhe_sad_212.wav,wangzhe,sad,2
wangzhe_happy_236.wav,data\processed\CASIA\train\wangzhe_happy_236.wav,wangzhe,happy,1
wangzhe_neutral_227.wav,data\processed\CASIA\train\wangzhe_neutral_227.wav,wangzhe,neutral,0
wangzhe_surprise_237.wav,data\processed\CASIA\train\wangzhe_surprise_237.wav,wangzhe,surprise,5
wangzhe_happy_250.wav,data\processed\CASIA\train\wangzhe_happy_250.wav,wangzhe,happy,1
wangzhe_neutral_221.wav,data\processed\CASIA\train\wangzhe_neutral_221.wav,wangzhe,neutral,0
wangzhe_neutral_246.wav,data\processed\CASIA\train\wangzhe_neutral_246.wav,wangzhe,neutral,0
wangzhe_sad_249.wav,data\processed\CASIA\train\wangzhe_sad_249.wav,wangzhe,sad,2
wangzhe_surprise_217.wav,data\processed\CASIA\train\wangzhe_surprise_217.wav,wangzhe,surprise,5
wangzhe_sad_247.wav,data\processed\CASIA\train\wangzhe_sad_247.wav,wangzhe,sad,2
wangzhe_happy_211.wav,data\processed\CASIA\train\wangzhe_happy_211.wav,wangzhe,happy,1
wangzhe_angry_213.wav,data\processed\CASIA\train\wangzhe_angry_213.wav,wangzhe,angry,3
wangzhe_fear_211.wav,data\processed\CASIA\train\wangzhe_fear_211.wav,wangzhe,fear,4
wangzhe_happy_219.wav,data\processed\CASIA\train\wangzhe_happy_219.wav,wangzhe,happy,1
wangzhe_angry_230.wav,data\processed\CASIA\train\wangzhe_angry_230.wav,wangzhe,angry,3
wangzhe_surprise_222.wav,data\processed\CASIA\train\wangzhe_surprise_222.wav,wangzhe,surprise,5
wangzhe_surprise_219.wav,data\processed\CASIA\train\wangzhe_surprise_219.wav,wangzhe,surprise,5
wangzhe_neutral_216.wav,data\processed\CASIA\train\wangzhe_neutral_216.wav,wangzhe,neutral,0
wangzhe_happy_213.wav,data\processed\CASIA\train\wangzhe_happy_213.wav,wangzhe,happy,1
wangzhe_happy_243.wav,data\processed\CASIA\train\wangzhe_happy_243.wav,wangzhe,happy,1
wangzhe_surprise_216.wav,data\processed\CASIA\train\wangzhe_surprise_216.wav,wangzhe,surprise,5
wangzhe_neutral_240.wav,data\processed\CASIA\train\wangzhe_neutral_240.wav,wangzhe,neutral,0
wangzhe_sad_215.wav,data\processed\CASIA\train\wangzhe_sad_215.wav,wangzhe,sad,2
wangzhe_happy_218.wav,data\processed\CASIA\train\wangzhe_happy_218.wav,wangzhe,happy,1
wangzhe_fear_240.wav,data\processed\CASIA\train\wangzhe_fear_240.wav,wangzhe,fear,4
wangzhe_sad_204.wav,data\processed\CASIA\train\wangzhe_sad_204.wav,wangzhe,sad,2
wangzhe_neutral_245.wav,data\processed\CASIA\train\wangzhe_neutral_245.wav,wangzhe,neutral,0
wangzhe_angry_240.wav,data\processed\CASIA\train\wangzhe_angry_240.wav,wangzhe,angry,3
wangzhe_sad_240.wav,data\processed\CASIA\train\wangzhe_sad_240.wav,wangzhe,sad,2
wangzhe_sad_236.wav,data\processed\CASIA\train\wangzhe_sad_236.wav,wangzhe,sad,2
wangzhe_angry_220.wav,data\processed\CASIA\train\wangzhe_angry_220.wav,wangzhe,angry,3
wangzhe_happy_206.wav,data\processed\CASIA\train\wangzhe_happy_206.wav,wangzhe,happy,1
wangzhe_sad_218.wav,data\processed\CASIA\train\wangzhe_sad_218.wav,wangzhe,sad,2
wangzhe_surprise_243.wav,data\processed\CASIA\train\wangzhe_surprise_243.wav,wangzhe,surprise,5
wangzhe_sad_222.wav,data\processed\CASIA\train\wangzhe_sad_222.wav,wangzhe,sad,2
wangzhe_happy_244.wav,data\processed\CASIA\train\wangzhe_happy_244.wav,wangzhe,happy,1
wangzhe_surprise_213.wav,data\processed\CASIA\train\wangzhe_surprise_213.wav,wangzhe,surprise,5
wangzhe_surprise_206.wav,data\processed\CASIA\train\wangzhe_surprise_206.wav,wangzhe,surprise,5
wangzhe_fear_229.wav,data\processed\CASIA\train\wangzhe_fear_229.wav,wangzhe,fear,4
wangzhe_sad_239.wav,data\processed\CASIA\train\wangzhe_sad_239.wav,wangzhe,sad,2
wangzhe_fear_221.wav,data\processed\CASIA\train\wangzhe_fear_221.wav,wangzhe,fear,4
wangzhe_neutral_204.wav,data\processed\CASIA\train\wangzhe_neutral_204.wav,wangzhe,neutral,0
wangzhe_happy_220.wav,data\processed\CASIA\train\wangzhe_happy_220.wav,wangzhe,happy,1
wangzhe_happy_204.wav,data\processed\CASIA\train\wangzhe_happy_204.wav,wangzhe,happy,1
wangzhe_sad_241.wav,data\processed\CASIA\train\wangzhe_sad_241.wav,wangzhe,sad,2
wangzhe_neutral_248.wav,data\processed\CASIA\train\wangzhe_neutral_248.wav,wangzhe,neutral,0
wangzhe_fear_243.wav,data\processed\CASIA\train\wangzhe_fear_243.wav,wangzhe,fear,4
wangzhe_happy_214.wav,data\processed\CASIA\train\wangzhe_happy_214.wav,wangzhe,happy,1
wangzhe_sad_225.wav,data\processed\CASIA\train\wangzhe_sad_225.wav,wangzhe,sad,2
wangzhe_surprise_224.wav,data\processed\CASIA\train\wangzhe_surprise_224.wav,wangzhe,surprise,5
wangzhe_fear_210.wav,data\processed\CASIA\train\wangzhe_fear_210.wav,wangzhe,fear,4
wangzhe_neutral_231.wav,data\processed\CASIA\train\wangzhe_neutral_231.wav,wangzhe,neutral,0
wangzhe_happy_202.wav,data\processed\CASIA\train\wangzhe_happy_202.wav,wangzhe,happy,1
wangzhe_angry_231.wav,data\processed\CASIA\train\wangzhe_angry_231.wav,wangzhe,angry,3
wangzhe_happy_230.wav,data\processed\CASIA\train\wangzhe_happy_230.wav,wangzhe,happy,1
wangzhe_angry_234.wav,data\processed\CASIA\train\wangzhe_angry_234.wav,wangzhe,angry,3
wangzhe_neutral_225.wav,data\processed\CASIA\train\wangzhe_neutral_225.wav,wangzhe,neutral,0
wangzhe_happy_247.wav,data\processed\CASIA\train\wangzhe_happy_247.wav,wangzhe,happy,1
wangzhe_surprise_247.wav,data\processed\CASIA\train\wangzhe_surprise_247.wav,wangzhe,surprise,5
wangzhe_sad_235.wav,data\processed\CASIA\train\wangzhe_sad_235.wav,wangzhe,sad,2
wangzhe_happy_210.wav,data\processed\CASIA\train\wangzhe_happy_210.wav,wangzhe,happy,1
wangzhe_happy_225.wav,data\processed\CASIA\train\wangzhe_happy_225.wav,wangzhe,happy,1
wangzhe_sad_243.wav,data\processed\CASIA\train\wangzhe_sad_243.wav,wangzhe,sad,2
wangzhe_angry_202.wav,data\processed\CASIA\train\wangzhe_angry_202.wav,wangzhe,angry,3
wangzhe_surprise_246.wav,data\processed\CASIA\train\wangzhe_surprise_246.wav,wangzhe,surprise,5
wangzhe_neutral_249.wav,data\processed\CASIA\train\wangzhe_neutral_249.wav,wangzhe,neutral,0
wangzhe_angry_214.wav,data\processed\CASIA\train\wangzhe_angry_214.wav,wangzhe,angry,3
wangzhe_angry_205.wav,data\processed\CASIA\train\wangzhe_angry_205.wav,wangzhe,angry,3
wangzhe_angry_233.wav,data\processed\CASIA\train\wangzhe_angry_233.wav,wangzhe,angry,3
wangzhe_angry_225.wav,data\processed\CASIA\train\wangzhe_angry_225.wav,wangzhe,angry,3
wangzhe_happy_246.wav,data\processed\CASIA\train\wangzhe_happy_246.wav,wangzhe,happy,1
wangzhe_happy_203.wav,data\processed\CASIA\train\wangzhe_happy_203.wav,wangzhe,happy,1
wangzhe_happy_245.wav,data\processed\CASIA\train\wangzhe_happy_245.wav,wangzhe,happy,1
wangzhe_happy_216.wav,data\processed\CASIA\train\wangzhe_happy_216.wav,wangzhe,happy,1
wangzhe_neutral_250.wav,data\processed\CASIA\train\wangzhe_neutral_250.wav,wangzhe,neutral,0
wangzhe_neutral_238.wav,data\processed\CASIA\train\wangzhe_neutral_238.wav,wangzhe,neutral,0
wangzhe_angry_248.wav,data\processed\CASIA\train\wangzhe_angry_248.wav,wangzhe,angry,3
wangzhe_surprise_229.wav,data\processed\CASIA\train\wangzhe_surprise_229.wav,wangzhe,surprise,5
wangzhe_neutral_234.wav,data\processed\CASIA\train\wangzhe_neutral_234.wav,wangzhe,neutral,0
wangzhe_neutral_205.wav,data\processed\CASIA\train\wangzhe_neutral_205.wav,wangzhe,neutral,0
wangzhe_neutral_233.wav,data\processed\CASIA\train\wangzhe_neutral_233.wav,wangzhe,neutral,0
wangzhe_fear_246.wav,data\processed\CASIA\train\wangzhe_fear_246.wav,wangzhe,fear,4
wangzhe_fear_232.wav,data\processed\CASIA\train\wangzhe_fear_232.wav,wangzhe,fear,4
wangzhe_fear_231.wav,data\processed\CASIA\train\wangzhe_fear_231.wav,wangzhe,fear,4
wangzhe_surprise_202.wav,data\processed\CASIA\train\wangzhe_surprise_202.wav,wangzhe,surprise,5
wangzhe_surprise_212.wav,data\processed\CASIA\train\wangzhe_surprise_212.wav,wangzhe,surprise,5
wangzhe_angry_218.wav,data\processed\CASIA\train\wangzhe_angry_218.wav,wangzhe,angry,3
wangzhe_happy_226.wav,data\processed\CASIA\train\wangzhe_happy_226.wav,wangzhe,happy,1
wangzhe_fear_233.wav,data\processed\CASIA\train\wangzhe_fear_233.wav,wangzhe,fear,4
wangzhe_surprise_238.wav,data\processed\CASIA\train\wangzhe_surprise_238.wav,wangzhe,surprise,5
wangzhe_neutral_211.wav,data\processed\CASIA\train\wangzhe_neutral_211.wav,wangzhe,neutral,0
wangzhe_sad_210.wav,data\processed\CASIA\train\wangzhe_sad_210.wav,wangzhe,sad,2
wangzhe_sad_244.wav,data\processed\CASIA\train\wangzhe_sad_244.wav,wangzhe,sad,2
wangzhe_fear_238.wav,data\processed\CASIA\train\wangzhe_fear_238.wav,wangzhe,fear,4
wangzhe_fear_223.wav,data\processed\CASIA\train\wangzhe_fear_223.wav,wangzhe,fear,4
wangzhe_fear_225.wav,data\processed\CASIA\train\wangzhe_fear_225.wav,wangzhe,fear,4
wangzhe_sad_224.wav,data\processed\CASIA\train\wangzhe_sad_224.wav,wangzhe,sad,2
wangzhe_neutral_223.wav,data\processed\CASIA\train\wangzhe_neutral_223.wav,wangzhe,neutral,0
wangzhe_happy_224.wav,data\processed\CASIA\train\wangzhe_happy_224.wav,wangzhe,happy,1
wangzhe_neutral_217.wav,data\processed\CASIA\train\wangzhe_neutral_217.wav,wangzhe,neutral,0
wangzhe_surprise_208.wav,data\processed\CASIA\train\wangzhe_surprise_208.wav,wangzhe,surprise,5
wangzhe_fear_241.wav,data\processed\CASIA\train\wangzhe_fear_241.wav,wangzhe,fear,4
wangzhe_sad_206.wav,data\processed\CASIA\train\wangzhe_sad_206.wav,wangzhe,sad,2
wangzhe_surprise_250.wav,data\processed\CASIA\train\wangzhe_surprise_250.wav,wangzhe,surprise,5
wangzhe_sad_231.wav,data\processed\CASIA\train\wangzhe_sad_231.wav,wangzhe,sad,2
wangzhe_surprise_210.wav,data\processed\CASIA\train\wangzhe_surprise_210.wav,wangzhe,surprise,5
wangzhe_surprise_242.wav,data\processed\CASIA\train\wangzhe_surprise_242.wav,wangzhe,surprise,5
wangzhe_fear_242.wav,data\processed\CASIA\train\wangzhe_fear_242.wav,wangzhe,fear,4
wangzhe_neutral_212.wav,data\processed\CASIA\train\wangzhe_neutral_212.wav,wangzhe,neutral,0
wangzhe_sad_230.wav,data\processed\CASIA\train\wangzhe_sad_230.wav,wangzhe,sad,2
wangzhe_fear_212.wav,data\processed\CASIA\train\wangzhe_fear_212.wav,wangzhe,fear,4
wangzhe_happy_222.wav,data\processed\CASIA\train\wangzhe_happy_222.wav,wangzhe,happy,1
wangzhe_happy_215.wav,data\processed\CASIA\train\wangzhe_happy_215.wav,wangzhe,happy,1
wangzhe_angry_204.wav,data\processed\CASIA\train\wangzhe_angry_204.wav,wangzhe,angry,3
wangzhe_happy_221.wav,data\processed\CASIA\train\wangzhe_happy_221.wav,wangzhe,happy,1
wangzhe_surprise_244.wav,data\processed\CASIA\train\wangzhe_surprise_244.wav,wangzhe,surprise,5
wangzhe_happy_229.wav,data\processed\CASIA\train\wangzhe_happy_229.wav,wangzhe,happy,1
wangzhe_angry_209.wav,data\processed\CASIA\train\wangzhe_angry_209.wav,wangzhe,angry,3
wangzhe_angry_207.wav,data\processed\CASIA\train\wangzhe_angry_207.wav,wangzhe,angry,3
wangzhe_neutral_214.wav,data\processed\CASIA\train\wangzhe_neutral_214.wav,wangzhe,neutral,0
wangzhe_surprise_227.wav,data\processed\CASIA\train\wangzhe_surprise_227.wav,wangzhe,surprise,5
wangzhe_fear_237.wav,data\processed\CASIA\train\wangzhe_fear_237.wav,wangzhe,fear,4
wangzhe_angry_216.wav,data\processed\CASIA\train\wangzhe_angry_216.wav,wangzhe,angry,3
wangzhe_fear_201.wav,data\processed\CASIA\train\wangzhe_fear_201.wav,wangzhe,fear,4
wangzhe_fear_230.wav,data\processed\CASIA\train\wangzhe_fear_230.wav,wangzhe,fear,4
wangzhe_fear_224.wav,data\processed\CASIA\train\wangzhe_fear_224.wav,wangzhe,fear,4
wangzhe_fear_215.wav,data\processed\CASIA\train\wangzhe_fear_215.wav,wangzhe,fear,4
wangzhe_angry_238.wav,data\processed\CASIA\train\wangzhe_angry_238.wav,wangzhe,angry,3
wangzhe_fear_222.wav,data\processed\CASIA\train\wangzhe_fear_222.wav,wangzhe,fear,4
wangzhe_sad_209.wav,data\processed\CASIA\train\wangzhe_sad_209.wav,wangzhe,sad,2
wangzhe_angry_201.wav,data\processed\CASIA\train\wangzhe_angry_201.wav,wangzhe,angry,3
wangzhe_fear_247.wav,data\processed\CASIA\train\wangzhe_fear_247.wav,wangzhe,fear,4
wangzhe_fear_245.wav,data\processed\CASIA\train\wangzhe_fear_245.wav,wangzhe,fear,4
wangzhe_neutral_244.wav,data\processed\CASIA\train\wangzhe_neutral_244.wav,wangzhe,neutral,0
wangzhe_sad_208.wav,data\processed\CASIA\train\wangzhe_sad_208.wav,wangzhe,sad,2
wangzhe_sad_227.wav,data\processed\CASIA\train\wangzhe_sad_227.wav,wangzhe,sad,2
wangzhe_neutral_237.wav,data\processed\CASIA\train\wangzhe_neutral_237.wav,wangzhe,neutral,0
wangzhe_neutral_203.wav,data\processed\CASIA\train\wangzhe_neutral_203.wav,wangzhe,neutral,0
wangzhe_happy_240.wav,data\processed\CASIA\train\wangzhe_happy_240.wav,wangzhe,happy,1
wangzhe_angry_212.wav,data\processed\CASIA\train\wangzhe_angry_212.wav,wangzhe,angry,3
wangzhe_neutral_224.wav,data\processed\CASIA\train\wangzhe_neutral_224.wav,wangzhe,neutral,0
wangzhe_sad_229.wav,data\processed\CASIA\train\wangzhe_sad_229.wav,wangzhe,sad,2
wangzhe_happy_223.wav,data\processed\CASIA\train\wangzhe_happy_223.wav,wangzhe,happy,1
wangzhe_sad_238.wav,data\processed\CASIA\train\wangzhe_sad_238.wav,wangzhe,sad,2
wangzhe_fear_227.wav,data\processed\CASIA\train\wangzhe_fear_227.wav,wangzhe,fear,4
wangzhe_surprise_226.wav,data\processed\CASIA\train\wangzhe_surprise_226.wav,wangzhe,surprise,5
wangzhe_angry_232.wav,data\processed\CASIA\train\wangzhe_angry_232.wav,wangzhe,angry,3
wangzhe_angry_247.wav,data\processed\CASIA\train\wangzhe_angry_247.wav,wangzhe,angry,3
wangzhe_surprise_232.wav,data\processed\CASIA\train\wangzhe_surprise_232.wav,wangzhe,surprise,5
wangzhe_fear_249.wav,data\processed\CASIA\train\wangzhe_fear_249.wav,wangzhe,fear,4
wangzhe_neutral_235.wav,data\processed\CASIA\train\wangzhe_neutral_235.wav,wangzhe,neutral,0
wangzhe_sad_220.wav,data\processed\CASIA\train\wangzhe_sad_220.wav,wangzhe,sad,2
wangzhe_happy_201.wav,data\processed\CASIA\train\wangzhe_happy_201.wav,wangzhe,happy,1
wangzhe_sad_234.wav,data\processed\CASIA\train\wangzhe_sad_234.wav,wangzhe,sad,2
wangzhe_happy_232.wav,data\processed\CASIA\train\wangzhe_happy_232.wav,wangzhe,happy,1
wangzhe_angry_235.wav,data\processed\CASIA\train\wangzhe_angry_235.wav,wangzhe,angry,3
wangzhe_fear_239.wav,data\processed\CASIA\train\wangzhe_fear_239.wav,wangzhe,fear,4
wangzhe_neutral_208.wav,data\processed\CASIA\train\wangzhe_neutral_208.wav,wangzhe,neutral,0
wangzhe_happy_238.wav,data\processed\CASIA\train\wangzhe_happy_238.wav,wangzhe,happy,1
wangzhe_angry_249.wav,data\processed\CASIA\train\wangzhe_angry_249.wav,wangzhe,angry,3
wangzhe_neutral_219.wav,data\processed\CASIA\train\wangzhe_neutral_219.wav,wangzhe,neutral,0
wangzhe_fear_219.wav,data\processed\CASIA\train\wangzhe_fear_219.wav,wangzhe,fear,4
wangzhe_surprise_214.wav,data\processed\CASIA\train\wangzhe_surprise_214.wav,wangzhe,surprise,5
wangzhe_angry_242.wav,data\processed\CASIA\train\wangzhe_angry_242.wav,wangzhe,angry,3
wangzhe_fear_234.wav,data\processed\CASIA\train\wangzhe_fear_234.wav,wangzhe,fear,4
wangzhe_angry_222.wav,data\processed\CASIA\train\wangzhe_angry_222.wav,wangzhe,angry,3
wangzhe_angry_246.wav,data\processed\CASIA\train\wangzhe_angry_246.wav,wangzhe,angry,3
wangzhe_sad_221.wav,data\processed\CASIA\train\wangzhe_sad_221.wav,wangzhe,sad,2
wangzhe_surprise_209.wav,data\processed\CASIA\train\wangzhe_surprise_209.wav,wangzhe,surprise,5
wangzhe_fear_216.wav,data\processed\CASIA\train\wangzhe_fear_216.wav,wangzhe,fear,4
wangzhe_neutral_218.wav,data\processed\CASIA\train\wangzhe_neutral_218.wav,wangzhe,neutral,0
wangzhe_angry_228.wav,data\processed\CASIA\train\wangzhe_angry_228.wav,wangzhe,angry,3
wangzhe_happy_227.wav,data\processed\CASIA\train\wangzhe_happy_227.wav,wangzhe,happy,1
wangzhe_angry_206.wav,data\processed\CASIA\train\wangzhe_angry_206.wav,wangzhe,angry,3
wangzhe_surprise_245.wav,data\processed\CASIA\train\wangzhe_surprise_245.wav,wangzhe,surprise,5
wangzhe_surprise_249.wav,data\processed\CASIA\train\wangzhe_surprise_249.wav,wangzhe,surprise,5
wangzhe_angry_245.wav,data\processed\CASIA\train\wangzhe_angry_245.wav,wangzhe,angry,3
wangzhe_angry_226.wav,data\processed\CASIA\train\wangzhe_angry_226.wav,wangzhe,angry,3
wangzhe_surprise_220.wav,data\processed\CASIA\train\wangzhe_surprise_220.wav,wangzhe,surprise,5
wangzhe_fear_205.wav,data\processed\CASIA\train\wangzhe_fear_205.wav,wangzhe,fear,4
wangzhe_neutral_241.wav,data\processed\CASIA\train\wangzhe_neutral_241.wav,wangzhe,neutral,0
wangzhe_fear_203.wav,data\processed\CASIA\train\wangzhe_fear_203.wav,wangzhe,fear,4
wangzhe_sad_216.wav,data\processed\CASIA\train\wangzhe_sad_216.wav,wangzhe,sad,2
wangzhe_angry_217.wav,data\processed\CASIA\train\wangzhe_angry_217.wav,wangzhe,angry,3
wangzhe_neutral_210.wav,data\processed\CASIA\train\wangzhe_neutral_210.wav,wangzhe,neutral,0
wangzhe_neutral_226.wav,data\processed\CASIA\train\wangzhe_neutral_226.wav,wangzhe,neutral,0
wangzhe_surprise_215.wav,data\processed\CASIA\train\wangzhe_surprise_215.wav,wangzhe,surprise,5
wangzhe_surprise_236.wav,data\processed\CASIA\train\wangzhe_surprise_236.wav,wangzhe,surprise,5
wangzhe_surprise_205.wav,data\processed\CASIA\train\wangzhe_surprise_205.wav,wangzhe,surprise,5
wangzhe_surprise_203.wav,data\processed\CASIA\train\wangzhe_surprise_203.wav,wangzhe,surprise,5
wangzhe_sad_214.wav,data\processed\CASIA\train\wangzhe_sad_214.wav,wangzhe,sad,2
wangzhe_surprise_221.wav,data\processed\CASIA\train\wangzhe_surprise_221.wav,wangzhe,surprise,5
wangzhe_neutral_201.wav,data\processed\CASIA\train\wangzhe_neutral_201.wav,wangzhe,neutral,0
wangzhe_neutral_247.wav,data\processed\CASIA\train\wangzhe_neutral_247.wav,wangzhe,neutral,0
wangzhe_neutral_209.wav,data\processed\CASIA\train\wangzhe_neutral_209.wav,wangzhe,neutral,0
wangzhe_sad_213.wav,data\processed\CASIA\train\wangzhe_sad_213.wav,wangzhe,sad,2
wangzhe_fear_250.wav,data\processed\CASIA\train\wangzhe_fear_250.wav,wangzhe,fear,4
wangzhe_angry_210.wav,data\processed\CASIA\train\wangzhe_angry_210.wav,wangzhe,angry,3
wangzhe_sad_207.wav,data\processed\CASIA\train\wangzhe_sad_207.wav,wangzhe,sad,2
wangzhe_angry_237.wav,data\processed\CASIA\train\wangzhe_angry_237.wav,wangzhe,angry,3
wangzhe_fear_218.wav,data\processed\CASIA\train\wangzhe_fear_218.wav,wangzhe,fear,4
wangzhe_sad_242.wav,data\processed\CASIA\train\wangzhe_sad_242.wav,wangzhe,sad,2
wangzhe_sad_211.wav,data\processed\CASIA\train\wangzhe_sad_211.wav,wangzhe,sad,2
wangzhe_surprise_204.wav,data\processed\CASIA\train\wangzhe_surprise_204.wav,wangzhe,surprise,5
wangzhe_sad_205.wav,data\processed\CASIA\train\wangzhe_sad_205.wav,wangzhe,sad,2
wangzhe_fear_213.wav,data\processed\CASIA\train\wangzhe_fear_213.wav,wangzhe,fear,4
wangzhe_surprise_234.wav,data\processed\CASIA\train\wangzhe_surprise_234.wav,wangzhe,surprise,5
zhaoquanyin_happy_231.wav,data\processed\CASIA\train\zhaoquanyin_happy_231.wav,zhaoquanyin,happy,1
zhaoquanyin_happy_237.wav,data\processed\CASIA\train\zhaoquanyin_happy_237.wav,zhaoquanyin,happy,1
zhaoquanyin_angry_227.wav,data\processed\CASIA\train\zhaoquanyin_angry_227.wav,zhaoquanyin,angry,3
zhaoquanyin_sad_212.wav,data\processed\CASIA\train\zhaoquanyin_sad_212.wav,zhaoquanyin,sad,2
zhaoquanyin_happy_236.wav,data\processed\CASIA\train\zhaoquanyin_happy_236.wav,zhaoquanyin,happy,1
zhaoquanyin_neutral_227.wav,data\processed\CASIA\train\zhaoquanyin_neutral_227.wav,zhaoquanyin,neutral,0
zhaoquanyin_surprise_237.wav,data\processed\CASIA\train\zhaoquanyin_surprise_237.wav,zhaoquanyin,surprise,5
zhaoquanyin_happy_250.wav,data\processed\CASIA\train\zhaoquanyin_happy_250.wav,zhaoquanyin,happy,1
zhaoquanyin_neutral_221.wav,data\processed\CASIA\train\zhaoquanyin_neutral_221.wav,zhaoquanyin,neutral,0
zhaoquanyin_neutral_246.wav,data\processed\CASIA\train\zhaoquanyin_neutral_246.wav,zhaoquanyin,neutral,0
zhaoquanyin_sad_249.wav,data\processed\CASIA\train\zhaoquanyin_sad_249.wav,zhaoquanyin,sad,2
zhaoquanyin_surprise_217.wav,data\processed\CASIA\train\zhaoquanyin_surprise_217.wav,zhaoquanyin,surprise,5
zhaoquanyin_sad_247.wav,data\processed\CASIA\train\zhaoquanyin_sad_247.wav,zhaoquanyin,sad,2
zhaoquanyin_happy_211.wav,data\processed\CASIA\train\zhaoquanyin_happy_211.wav,zhaoquanyin,happy,1
zhaoquanyin_angry_213.wav,data\processed\CASIA\train\zhaoquanyin_angry_213.wav,zhaoquanyin,angry,3
zhaoquanyin_fear_211.wav,data\processed\CASIA\train\zhaoquanyin_fear_211.wav,zhaoquanyin,fear,4
zhaoquanyin_happy_219.wav,data\processed\CASIA\train\zhaoquanyin_happy_219.wav,zhaoquanyin,happy,1
zhaoquanyin_angry_230.wav,data\processed\CASIA\train\zhaoquanyin_angry_230.wav,zhaoquanyin,angry,3
zhaoquanyin_surprise_222.wav,data\processed\CASIA\train\zhaoquanyin_surprise_222.wav,zhaoquanyin,surprise,5
zhaoquanyin_surprise_219.wav,data\processed\CASIA\train\zhaoquanyin_surprise_219.wav,zhaoquanyin,surprise,5
zhaoquanyin_neutral_216.wav,data\processed\CASIA\train\zhaoquanyin_neutral_216.wav,zhaoquanyin,neutral,0
zhaoquanyin_happy_213.wav,data\processed\CASIA\train\zhaoquanyin_happy_213.wav,zhaoquanyin,happy,1
zhaoquanyin_happy_243.wav,data\processed\CASIA\train\zhaoquanyin_happy_243.wav,zhaoquanyin,happy,1
zhaoquanyin_surprise_216.wav,data\processed\CASIA\train\zhaoquanyin_surprise_216.wav,zhaoquanyin,surprise,5
zhaoquanyin_neutral_240.wav,data\processed\CASIA\train\zhaoquanyin_neutral_240.wav,zhaoquanyin,neutral,0
zhaoquanyin_sad_215.wav,data\processed\CASIA\train\zhaoquanyin_sad_215.wav,zhaoquanyin,sad,2
zhaoquanyin_happy_218.wav,data\processed\CASIA\train\zhaoquanyin_happy_218.wav,zhaoquanyin,happy,1
zhaoquanyin_fear_240.wav,data\processed\CASIA\train\zhaoquanyin_fear_240.wav,zhaoquanyin,fear,4
zhaoquanyin_sad_204.wav,data\processed\CASIA\train\zhaoquanyin_sad_204.wav,zhaoquanyin,sad,2
zhaoquanyin_neutral_245.wav,data\processed\CASIA\train\zhaoquanyin_neutral_245.wav,zhaoquanyin,neutral,0
zhaoquanyin_angry_240.wav,data\processed\CASIA\train\zhaoquanyin_angry_240.wav,zhaoquanyin,angry,3
zhaoquanyin_sad_240.wav,data\processed\CASIA\train\zhaoquanyin_sad_240.wav,zhaoquanyin,sad,2
zhaoquanyin_sad_236.wav,data\processed\CASIA\train\zhaoquanyin_sad_236.wav,zhaoquanyin,sad,2
zhaoquanyin_angry_220.wav,data\processed\CASIA\train\zhaoquanyin_angry_220.wav,zhaoquanyin,angry,3
zhaoquanyin_happy_206.wav,data\processed\CASIA\train\zhaoquanyin_happy_206.wav,zhaoquanyin,happy,1
zhaoquanyin_sad_218.wav,data\processed\CASIA\train\zhaoquanyin_sad_218.wav,zhaoquanyin,sad,2
zhaoquanyin_surprise_243.wav,data\processed\CASIA\train\zhaoquanyin_surprise_243.wav,zhaoquanyin,surprise,5
zhaoquanyin_sad_222.wav,data\processed\CASIA\train\zhaoquanyin_sad_222.wav,zhaoquanyin,sad,2
zhaoquanyin_happy_244.wav,data\processed\CASIA\train\zhaoquanyin_happy_244.wav,zhaoquanyin,happy,1
zhaoquanyin_surprise_213.wav,data\processed\CASIA\train\zhaoquanyin_surprise_213.wav,zhaoquanyin,surprise,5
zhaoquanyin_surprise_206.wav,data\processed\CASIA\train\zhaoquanyin_surprise_206.wav,zhaoquanyin,surprise,5
zhaoquanyin_fear_229.wav,data\processed\CASIA\train\zhaoquanyin_fear_229.wav,zhaoquanyin,fear,4
zhaoquanyin_sad_239.wav,data\processed\CASIA\train\zhaoquanyin_sad_239.wav,zhaoquanyin,sad,2
zhaoquanyin_fear_221.wav,data\processed\CASIA\train\zhaoquanyin_fear_221.wav,zhaoquanyin,fear,4
zhaoquanyin_neutral_204.wav,data\processed\CASIA\train\zhaoquanyin_neutral_204.wav,zhaoquanyin,neutral,0
zhaoquanyin_happy_220.wav,data\processed\CASIA\train\zhaoquanyin_happy_220.wav,zhaoquanyin,happy,1
zhaoquanyin_happy_204.wav,data\processed\CASIA\train\zhaoquanyin_happy_204.wav,zhaoquanyin,happy,1
zhaoquanyin_sad_241.wav,data\processed\CASIA\train\zhaoquanyin_sad_241.wav,zhaoquanyin,sad,2
zhaoquanyin_neutral_248.wav,data\processed\CASIA\train\zhaoquanyin_neutral_248.wav,zhaoquanyin,neutral,0
zhaoquanyin_fear_243.wav,data\processed\CASIA\train\zhaoquanyin_fear_243.wav,zhaoquanyin,fear,4
zhaoquanyin_happy_214.wav,data\processed\CASIA\train\zhaoquanyin_happy_214.wav,zhaoquanyin,happy,1
zhaoquanyin_sad_225.wav,data\processed\CASIA\train\zhaoquanyin_sad_225.wav,zhaoquanyin,sad,2
zhaoquanyin_surprise_224.wav,data\processed\CASIA\train\zhaoquanyin_surprise_224.wav,zhaoquanyin,surprise,5
zhaoquanyin_fear_210.wav,data\processed\CASIA\train\zhaoquanyin_fear_210.wav,zhaoquanyin,fear,4
zhaoquanyin_neutral_231.wav,data\processed\CASIA\train\zhaoquanyin_neutral_231.wav,zhaoquanyin,neutral,0
zhaoquanyin_happy_202.wav,data\processed\CASIA\train\zhaoquanyin_happy_202.wav,zhaoquanyin,happy,1
zhaoquanyin_angry_231.wav,data\processed\CASIA\train\zhaoquanyin_angry_231.wav,zhaoquanyin,angry,3
zhaoquanyin_happy_230.wav,data\processed\CASIA\train\zhaoquanyin_happy_230.wav,zhaoquanyin,happy,1
zhaoquanyin_angry_234.wav,data\processed\CASIA\train\zhaoquanyin_angry_234.wav,zhaoquanyin,angry,3
zhaoquanyin_neutral_225.wav,data\processed\CASIA\train\zhaoquanyin_neutral_225.wav,zhaoquanyin,neutral,0
zhaoquanyin_happy_247.wav,data\processed\CASIA\train\zhaoquanyin_happy_247.wav,zhaoquanyin,happy,1
zhaoquanyin_surprise_247.wav,data\processed\CASIA\train\zhaoquanyin_surprise_247.wav,zhaoquanyin,surprise,5
zhaoquanyin_sad_235.wav,data\processed\CASIA\train\zhaoquanyin_sad_235.wav,zhaoquanyin,sad,2
zhaoquanyin_happy_210.wav,data\processed\CASIA\train\zhaoquanyin_happy_210.wav,zhaoquanyin,happy,1
zhaoquanyin_happy_225.wav,data\processed\CASIA\train\zhaoquanyin_happy_225.wav,zhaoquanyin,happy,1
zhaoquanyin_sad_243.wav,data\processed\CASIA\train\zhaoquanyin_sad_243.wav,zhaoquanyin,sad,2
zhaoquanyin_angry_202.wav,data\processed\CASIA\train\zhaoquanyin_angry_202.wav,zhaoquanyin,angry,3
zhaoquanyin_surprise_246.wav,data\processed\CASIA\train\zhaoquanyin_surprise_246.wav,zhaoquanyin,surprise,5
zhaoquanyin_neutral_249.wav,data\processed\CASIA\train\zhaoquanyin_neutral_249.wav,zhaoquanyin,neutral,0
zhaoquanyin_angry_214.wav,data\processed\CASIA\train\zhaoquanyin_angry_214.wav,zhaoquanyin,angry,3
zhaoquanyin_angry_205.wav,data\processed\CASIA\train\zhaoquanyin_angry_205.wav,zhaoquanyin,angry,3
zhaoquanyin_angry_233.wav,data\processed\CASIA\train\zhaoquanyin_angry_233.wav,zhaoquanyin,angry,3
zhaoquanyin_angry_225.wav,data\processed\CASIA\train\zhaoquanyin_angry_225.wav,zhaoquanyin,angry,3
zhaoquanyin_happy_246.wav,data\processed\CASIA\train\zhaoquanyin_happy_246.wav,zhaoquanyin,happy,1
zhaoquanyin_happy_203.wav,data\processed\CASIA\train\zhaoquanyin_happy_203.wav,zhaoquanyin,happy,1
zhaoquanyin_happy_245.wav,data\processed\CASIA\train\zhaoquanyin_happy_245.wav,zhaoquanyin,happy,1
zhaoquanyin_happy_216.wav,data\processed\CASIA\train\zhaoquanyin_happy_216.wav,zhaoquanyin,happy,1
zhaoquanyin_neutral_250.wav,data\processed\CASIA\train\zhaoquanyin_neutral_250.wav,zhaoquanyin,neutral,0
zhaoquanyin_neutral_238.wav,data\processed\CASIA\train\zhaoquanyin_neutral_238.wav,zhaoquanyin,neutral,0
zhaoquanyin_angry_248.wav,data\processed\CASIA\train\zhaoquanyin_angry_248.wav,zhaoquanyin,angry,3
zhaoquanyin_surprise_229.wav,data\processed\CASIA\train\zhaoquanyin_surprise_229.wav,zhaoquanyin,surprise,5
zhaoquanyin_neutral_234.wav,data\processed\CASIA\train\zhaoquanyin_neutral_234.wav,zhaoquanyin,neutral,0
zhaoquanyin_neutral_205.wav,data\processed\CASIA\train\zhaoquanyin_neutral_205.wav,zhaoquanyin,neutral,0
zhaoquanyin_neutral_233.wav,data\processed\CASIA\train\zhaoquanyin_neutral_233.wav,zhaoquanyin,neutral,0
zhaoquanyin_fear_246.wav,data\processed\CASIA\train\zhaoquanyin_fear_246.wav,zhaoquanyin,fear,4
zhaoquanyin_fear_232.wav,data\processed\CASIA\train\zhaoquanyin_fear_232.wav,zhaoquanyin,fear,4
zhaoquanyin_fear_231.wav,data\processed\CASIA\train\zhaoquanyin_fear_231.wav,zhaoquanyin,fear,4
zhaoquanyin_surprise_202.wav,data\processed\CASIA\train\zhaoquanyin_surprise_202.wav,zhaoquanyin,surprise,5
zhaoquanyin_surprise_212.wav,data\processed\CASIA\train\zhaoquanyin_surprise_212.wav,zhaoquanyin,surprise,5
zhaoquanyin_angry_218.wav,data\processed\CASIA\train\zhaoquanyin_angry_218.wav,zhaoquanyin,angry,3
zhaoquanyin_happy_226.wav,data\processed\CASIA\train\zhaoquanyin_happy_226.wav,zhaoquanyin,happy,1
zhaoquanyin_fear_233.wav,data\processed\CASIA\train\zhaoquanyin_fear_233.wav,zhaoquanyin,fear,4
zhaoquanyin_surprise_238.wav,data\processed\CASIA\train\zhaoquanyin_surprise_238.wav,zhaoquanyin,surprise,5
zhaoquanyin_neutral_211.wav,data\processed\CASIA\train\zhaoquanyin_neutral_211.wav,zhaoquanyin,neutral,0
zhaoquanyin_sad_210.wav,data\processed\CASIA\train\zhaoquanyin_sad_210.wav,zhaoquanyin,sad,2
zhaoquanyin_sad_244.wav,data\processed\CASIA\train\zhaoquanyin_sad_244.wav,zhaoquanyin,sad,2
zhaoquanyin_fear_238.wav,data\processed\CASIA\train\zhaoquanyin_fear_238.wav,zhaoquanyin,fear,4
zhaoquanyin_fear_223.wav,data\processed\CASIA\train\zhaoquanyin_fear_223.wav,zhaoquanyin,fear,4
zhaoquanyin_fear_225.wav,data\processed\CASIA\train\zhaoquanyin_fear_225.wav,zhaoquanyin,fear,4
zhaoquanyin_sad_224.wav,data\processed\CASIA\train\zhaoquanyin_sad_224.wav,zhaoquanyin,sad,2
zhaoquanyin_neutral_223.wav,data\processed\CASIA\train\zhaoquanyin_neutral_223.wav,zhaoquanyin,neutral,0
zhaoquanyin_happy_224.wav,data\processed\CASIA\train\zhaoquanyin_happy_224.wav,zhaoquanyin,happy,1
zhaoquanyin_neutral_217.wav,data\processed\CASIA\train\zhaoquanyin_neutral_217.wav,zhaoquanyin,neutral,0
zhaoquanyin_surprise_208.wav,data\processed\CASIA\train\zhaoquanyin_surprise_208.wav,zhaoquanyin,surprise,5
zhaoquanyin_fear_241.wav,data\processed\CASIA\train\zhaoquanyin_fear_241.wav,zhaoquanyin,fear,4
zhaoquanyin_sad_206.wav,data\processed\CASIA\train\zhaoquanyin_sad_206.wav,zhaoquanyin,sad,2
zhaoquanyin_surprise_250.wav,data\processed\CASIA\train\zhaoquanyin_surprise_250.wav,zhaoquanyin,surprise,5
zhaoquanyin_sad_231.wav,data\processed\CASIA\train\zhaoquanyin_sad_231.wav,zhaoquanyin,sad,2
zhaoquanyin_surprise_210.wav,data\processed\CASIA\train\zhaoquanyin_surprise_210.wav,zhaoquanyin,surprise,5
zhaoquanyin_surprise_242.wav,data\processed\CASIA\train\zhaoquanyin_surprise_242.wav,zhaoquanyin,surprise,5
zhaoquanyin_fear_242.wav,data\processed\CASIA\train\zhaoquanyin_fear_242.wav,zhaoquanyin,fear,4
zhaoquanyin_neutral_212.wav,data\processed\CASIA\train\zhaoquanyin_neutral_212.wav,zhaoquanyin,neutral,0
zhaoquanyin_sad_230.wav,data\processed\CASIA\train\zhaoquanyin_sad_230.wav,zhaoquanyin,sad,2
zhaoquanyin_fear_212.wav,data\processed\CASIA\train\zhaoquanyin_fear_212.wav,zhaoquanyin,fear,4
zhaoquanyin_happy_222.wav,data\processed\CASIA\train\zhaoquanyin_happy_222.wav,zhaoquanyin,happy,1
zhaoquanyin_happy_215.wav,data\processed\CASIA\train\zhaoquanyin_happy_215.wav,zhaoquanyin,happy,1
zhaoquanyin_angry_204.wav,data\processed\CASIA\train\zhaoquanyin_angry_204.wav,zhaoquanyin,angry,3
zhaoquanyin_happy_221.wav,data\processed\CASIA\train\zhaoquanyin_happy_221.wav,zhaoquanyin,happy,1
zhaoquanyin_surprise_244.wav,data\processed\CASIA\train\zhaoquanyin_surprise_244.wav,zhaoquanyin,surprise,5
zhaoquanyin_happy_229.wav,data\processed\CASIA\train\zhaoquanyin_happy_229.wav,zhaoquanyin,happy,1
zhaoquanyin_angry_209.wav,data\processed\CASIA\train\zhaoquanyin_angry_209.wav,zhaoquanyin,angry,3
zhaoquanyin_angry_207.wav,data\processed\CASIA\train\zhaoquanyin_angry_207.wav,zhaoquanyin,angry,3
zhaoquanyin_neutral_214.wav,data\processed\CASIA\train\zhaoquanyin_neutral_214.wav,zhaoquanyin,neutral,0
zhaoquanyin_surprise_227.wav,data\processed\CASIA\train\zhaoquanyin_surprise_227.wav,zhaoquanyin,surprise,5
zhaoquanyin_fear_237.wav,data\processed\CASIA\train\zhaoquanyin_fear_237.wav,zhaoquanyin,fear,4
zhaoquanyin_angry_216.wav,data\processed\CASIA\train\zhaoquanyin_angry_216.wav,zhaoquanyin,angry,3
zhaoquanyin_fear_201.wav,data\processed\CASIA\train\zhaoquanyin_fear_201.wav,zhaoquanyin,fear,4
zhaoquanyin_fear_230.wav,data\processed\CASIA\train\zhaoquanyin_fear_230.wav,zhaoquanyin,fear,4
zhaoquanyin_fear_224.wav,data\processed\CASIA\train\zhaoquanyin_fear_224.wav,zhaoquanyin,fear,4
zhaoquanyin_fear_215.wav,data\processed\CASIA\train\zhaoquanyin_fear_215.wav,zhaoquanyin,fear,4
zhaoquanyin_angry_238.wav,data\processed\CASIA\train\zhaoquanyin_angry_238.wav,zhaoquanyin,angry,3
zhaoquanyin_fear_222.wav,data\processed\CASIA\train\zhaoquanyin_fear_222.wav,zhaoquanyin,fear,4
zhaoquanyin_sad_209.wav,data\processed\CASIA\train\zhaoquanyin_sad_209.wav,zhaoquanyin,sad,2
zhaoquanyin_angry_201.wav,data\processed\CASIA\train\zhaoquanyin_angry_201.wav,zhaoquanyin,angry,3
zhaoquanyin_fear_247.wav,data\processed\CASIA\train\zhaoquanyin_fear_247.wav,zhaoquanyin,fear,4
zhaoquanyin_fear_245.wav,data\processed\CASIA\train\zhaoquanyin_fear_245.wav,zhaoquanyin,fear,4
zhaoquanyin_neutral_244.wav,data\processed\CASIA\train\zhaoquanyin_neutral_244.wav,zhaoquanyin,neutral,0
zhaoquanyin_sad_208.wav,data\processed\CASIA\train\zhaoquanyin_sad_208.wav,zhaoquanyin,sad,2
zhaoquanyin_sad_227.wav,data\processed\CASIA\train\zhaoquanyin_sad_227.wav,zhaoquanyin,sad,2
zhaoquanyin_neutral_237.wav,data\processed\CASIA\train\zhaoquanyin_neutral_237.wav,zhaoquanyin,neutral,0
zhaoquanyin_neutral_203.wav,data\processed\CASIA\train\zhaoquanyin_neutral_203.wav,zhaoquanyin,neutral,0
zhaoquanyin_happy_240.wav,data\processed\CASIA\train\zhaoquanyin_happy_240.wav,zhaoquanyin,happy,1
zhaoquanyin_angry_212.wav,data\processed\CASIA\train\zhaoquanyin_angry_212.wav,zhaoquanyin,angry,3
zhaoquanyin_neutral_224.wav,data\processed\CASIA\train\zhaoquanyin_neutral_224.wav,zhaoquanyin,neutral,0
zhaoquanyin_sad_229.wav,data\processed\CASIA\train\zhaoquanyin_sad_229.wav,zhaoquanyin,sad,2
zhaoquanyin_happy_223.wav,data\processed\CASIA\train\zhaoquanyin_happy_223.wav,zhaoquanyin,happy,1
zhaoquanyin_sad_238.wav,data\processed\CASIA\train\zhaoquanyin_sad_238.wav,zhaoquanyin,sad,2
zhaoquanyin_fear_227.wav,data\processed\CASIA\train\zhaoquanyin_fear_227.wav,zhaoquanyin,fear,4
zhaoquanyin_surprise_226.wav,data\processed\CASIA\train\zhaoquanyin_surprise_226.wav,zhaoquanyin,surprise,5
zhaoquanyin_angry_232.wav,data\processed\CASIA\train\zhaoquanyin_angry_232.wav,zhaoquanyin,angry,3
zhaoquanyin_angry_247.wav,data\processed\CASIA\train\zhaoquanyin_angry_247.wav,zhaoquanyin,angry,3
zhaoquanyin_surprise_232.wav,data\processed\CASIA\train\zhaoquanyin_surprise_232.wav,zhaoquanyin,surprise,5
zhaoquanyin_fear_249.wav,data\processed\CASIA\train\zhaoquanyin_fear_249.wav,zhaoquanyin,fear,4
zhaoquanyin_neutral_235.wav,data\processed\CASIA\train\zhaoquanyin_neutral_235.wav,zhaoquanyin,neutral,0
zhaoquanyin_sad_220.wav,data\processed\CASIA\train\zhaoquanyin_sad_220.wav,zhaoquanyin,sad,2
zhaoquanyin_happy_201.wav,data\processed\CASIA\train\zhaoquanyin_happy_201.wav,zhaoquanyin,happy,1
zhaoquanyin_sad_234.wav,data\processed\CASIA\train\zhaoquanyin_sad_234.wav,zhaoquanyin,sad,2
zhaoquanyin_happy_232.wav,data\processed\CASIA\train\zhaoquanyin_happy_232.wav,zhaoquanyin,happy,1
zhaoquanyin_angry_235.wav,data\processed\CASIA\train\zhaoquanyin_angry_235.wav,zhaoquanyin,angry,3
zhaoquanyin_fear_239.wav,data\processed\CASIA\train\zhaoquanyin_fear_239.wav,zhaoquanyin,fear,4
zhaoquanyin_neutral_208.wav,data\processed\CASIA\train\zhaoquanyin_neutral_208.wav,zhaoquanyin,neutral,0
zhaoquanyin_happy_238.wav,data\processed\CASIA\train\zhaoquanyin_happy_238.wav,zhaoquanyin,happy,1
zhaoquanyin_angry_249.wav,data\processed\CASIA\train\zhaoquanyin_angry_249.wav,zhaoquanyin,angry,3
zhaoquanyin_neutral_219.wav,data\processed\CASIA\train\zhaoquanyin_neutral_219.wav,zhaoquanyin,neutral,0
zhaoquanyin_fear_219.wav,data\processed\CASIA\train\zhaoquanyin_fear_219.wav,zhaoquanyin,fear,4
zhaoquanyin_surprise_214.wav,data\processed\CASIA\train\zhaoquanyin_surprise_214.wav,zhaoquanyin,surprise,5
zhaoquanyin_angry_242.wav,data\processed\CASIA\train\zhaoquanyin_angry_242.wav,zhaoquanyin,angry,3
zhaoquanyin_fear_234.wav,data\processed\CASIA\train\zhaoquanyin_fear_234.wav,zhaoquanyin,fear,4
zhaoquanyin_angry_222.wav,data\processed\CASIA\train\zhaoquanyin_angry_222.wav,zhaoquanyin,angry,3
zhaoquanyin_angry_246.wav,data\processed\CASIA\train\zhaoquanyin_angry_246.wav,zhaoquanyin,angry,3
zhaoquanyin_sad_221.wav,data\processed\CASIA\train\zhaoquanyin_sad_221.wav,zhaoquanyin,sad,2
zhaoquanyin_surprise_209.wav,data\processed\CASIA\train\zhaoquanyin_surprise_209.wav,zhaoquanyin,surprise,5
zhaoquanyin_fear_216.wav,data\processed\CASIA\train\zhaoquanyin_fear_216.wav,zhaoquanyin,fear,4
zhaoquanyin_neutral_218.wav,data\processed\CASIA\train\zhaoquanyin_neutral_218.wav,zhaoquanyin,neutral,0
zhaoquanyin_angry_228.wav,data\processed\CASIA\train\zhaoquanyin_angry_228.wav,zhaoquanyin,angry,3
zhaoquanyin_happy_227.wav,data\processed\CASIA\train\zhaoquanyin_happy_227.wav,zhaoquanyin,happy,1
zhaoquanyin_angry_206.wav,data\processed\CASIA\train\zhaoquanyin_angry_206.wav,zhaoquanyin,angry,3
zhaoquanyin_surprise_245.wav,data\processed\CASIA\train\zhaoquanyin_surprise_245.wav,zhaoquanyin,surprise,5
zhaoquanyin_surprise_249.wav,data\processed\CASIA\train\zhaoquanyin_surprise_249.wav,zhaoquanyin,surprise,5
zhaoquanyin_angry_245.wav,data\processed\CASIA\train\zhaoquanyin_angry_245.wav,zhaoquanyin,angry,3
zhaoquanyin_angry_226.wav,data\processed\CASIA\train\zhaoquanyin_angry_226.wav,zhaoquanyin,angry,3
zhaoquanyin_surprise_220.wav,data\processed\CASIA\train\zhaoquanyin_surprise_220.wav,zhaoquanyin,surprise,5
zhaoquanyin_fear_205.wav,data\processed\CASIA\train\zhaoquanyin_fear_205.wav,zhaoquanyin,fear,4
zhaoquanyin_neutral_241.wav,data\processed\CASIA\train\zhaoquanyin_neutral_241.wav,zhaoquanyin,neutral,0
zhaoquanyin_fear_203.wav,data\processed\CASIA\train\zhaoquanyin_fear_203.wav,zhaoquanyin,fear,4
zhaoquanyin_sad_216.wav,data\processed\CASIA\train\zhaoquanyin_sad_216.wav,zhaoquanyin,sad,2
zhaoquanyin_angry_217.wav,data\processed\CASIA\train\zhaoquanyin_angry_217.wav,zhaoquanyin,angry,3
zhaoquanyin_neutral_210.wav,data\processed\CASIA\train\zhaoquanyin_neutral_210.wav,zhaoquanyin,neutral,0
zhaoquanyin_neutral_226.wav,data\processed\CASIA\train\zhaoquanyin_neutral_226.wav,zhaoquanyin,neutral,0
zhaoquanyin_surprise_215.wav,data\processed\CASIA\train\zhaoquanyin_surprise_215.wav,zhaoquanyin,surprise,5
zhaoquanyin_surprise_236.wav,data\processed\CASIA\train\zhaoquanyin_surprise_236.wav,zhaoquanyin,surprise,5
zhaoquanyin_surprise_205.wav,data\processed\CASIA\train\zhaoquanyin_surprise_205.wav,zhaoquanyin,surprise,5
zhaoquanyin_surprise_203.wav,data\processed\CASIA\train\zhaoquanyin_surprise_203.wav,zhaoquanyin,surprise,5
zhaoquanyin_sad_214.wav,data\processed\CASIA\train\zhaoquanyin_sad_214.wav,zhaoquanyin,sad,2
zhaoquanyin_surprise_221.wav,data\processed\CASIA\train\zhaoquanyin_surprise_221.wav,zhaoquanyin,surprise,5
zhaoquanyin_neutral_201.wav,data\processed\CASIA\train\zhaoquanyin_neutral_201.wav,zhaoquanyin,neutral,0
zhaoquanyin_neutral_247.wav,data\processed\CASIA\train\zhaoquanyin_neutral_247.wav,zhaoquanyin,neutral,0
zhaoquanyin_neutral_209.wav,data\processed\CASIA\train\zhaoquanyin_neutral_209.wav,zhaoquanyin,neutral,0
zhaoquanyin_sad_213.wav,data\processed\CASIA\train\zhaoquanyin_sad_213.wav,zhaoquanyin,sad,2
zhaoquanyin_fear_250.wav,data\processed\CASIA\train\zhaoquanyin_fear_250.wav,zhaoquanyin,fear,4
zhaoquanyin_angry_210.wav,data\processed\CASIA\train\zhaoquanyin_angry_210.wav,zhaoquanyin,angry,3
zhaoquanyin_sad_207.wav,data\processed\CASIA\train\zhaoquanyin_sad_207.wav,zhaoquanyin,sad,2
zhaoquanyin_angry_237.wav,data\processed\CASIA\train\zhaoquanyin_angry_237.wav,zhaoquanyin,angry,3
zhaoquanyin_fear_218.wav,data\processed\CASIA\train\zhaoquanyin_fear_218.wav,zhaoquanyin,fear,4
zhaoquanyin_sad_242.wav,data\processed\CASIA\train\zhaoquanyin_sad_242.wav,zhaoquanyin,sad,2
zhaoquanyin_sad_211.wav,data\processed\CASIA\train\zhaoquanyin_sad_211.wav,zhaoquanyin,sad,2
zhaoquanyin_surprise_204.wav,data\processed\CASIA\train\zhaoquanyin_surprise_204.wav,zhaoquanyin,surprise,5
zhaoquanyin_sad_205.wav,data\processed\CASIA\train\zhaoquanyin_sad_205.wav,zhaoquanyin,sad,2
zhaoquanyin_fear_213.wav,data\processed\CASIA\train\zhaoquanyin_fear_213.wav,zhaoquanyin,fear,4
zhaoquanyin_surprise_234.wav,data\processed\CASIA\train\zhaoquanyin_surprise_234.wav,zhaoquanyin,surprise,5
ZhaoZuoxiang_happy_231.wav,data\processed\CASIA\train\ZhaoZuoxiang_happy_231.wav,ZhaoZuoxiang,happy,1
ZhaoZuoxiang_happy_237.wav,data\processed\CASIA\train\ZhaoZuoxiang_happy_237.wav,ZhaoZuoxiang,happy,1
ZhaoZuoxiang_angry_227.wav,data\processed\CASIA\train\ZhaoZuoxiang_angry_227.wav,ZhaoZuoxiang,angry,3
ZhaoZuoxiang_sad_212.wav,data\processed\CASIA\train\ZhaoZuoxiang_sad_212.wav,ZhaoZuoxiang,sad,2
ZhaoZuoxiang_happy_236.wav,data\processed\CASIA\train\ZhaoZuoxiang_happy_236.wav,ZhaoZuoxiang,happy,1
ZhaoZuoxiang_neutral_227.wav,data\processed\CASIA\train\ZhaoZuoxiang_neutral_227.wav,ZhaoZuoxiang,neutral,0
ZhaoZuoxiang_surprise_237.wav,data\processed\CASIA\train\ZhaoZuoxiang_surprise_237.wav,ZhaoZuoxiang,surprise,5
ZhaoZuoxiang_happy_250.wav,data\processed\CASIA\train\ZhaoZuoxiang_happy_250.wav,ZhaoZuoxiang,happy,1
ZhaoZuoxiang_neutral_221.wav,data\processed\CASIA\train\ZhaoZuoxiang_neutral_221.wav,ZhaoZuoxiang,neutral,0
ZhaoZuoxiang_neutral_246.wav,data\processed\CASIA\train\ZhaoZuoxiang_neutral_246.wav,ZhaoZuoxiang,neutral,0
ZhaoZuoxiang_sad_249.wav,data\processed\CASIA\train\ZhaoZuoxiang_sad_249.wav,ZhaoZuoxiang,sad,2
ZhaoZuoxiang_surprise_217.wav,data\processed\CASIA\train\ZhaoZuoxiang_surprise_217.wav,ZhaoZuoxiang,surprise,5
ZhaoZuoxiang_sad_247.wav,data\processed\CASIA\train\ZhaoZuoxiang_sad_247.wav,ZhaoZuoxiang,sad,2
ZhaoZuoxiang_happy_211.wav,data\processed\CASIA\train\ZhaoZuoxiang_happy_211.wav,ZhaoZuoxiang,happy,1
ZhaoZuoxiang_angry_213.wav,data\processed\CASIA\train\ZhaoZuoxiang_angry_213.wav,ZhaoZuoxiang,angry,3
ZhaoZuoxiang_fear_211.wav,data\processed\CASIA\train\ZhaoZuoxiang_fear_211.wav,ZhaoZuoxiang,fear,4
ZhaoZuoxiang_happy_219.wav,data\processed\CASIA\train\ZhaoZuoxiang_happy_219.wav,ZhaoZuoxiang,happy,1
ZhaoZuoxiang_angry_230.wav,data\processed\CASIA\train\ZhaoZuoxiang_angry_230.wav,ZhaoZuoxiang,angry,3
ZhaoZuoxiang_surprise_222.wav,data\processed\CASIA\train\ZhaoZuoxiang_surprise_222.wav,ZhaoZuoxiang,surprise,5
ZhaoZuoxiang_surprise_219.wav,data\processed\CASIA\train\ZhaoZuoxiang_surprise_219.wav,ZhaoZuoxiang,surprise,5
ZhaoZuoxiang_neutral_216.wav,data\processed\CASIA\train\ZhaoZuoxiang_neutral_216.wav,ZhaoZuoxiang,neutral,0
ZhaoZuoxiang_happy_213.wav,data\processed\CASIA\train\ZhaoZuoxiang_happy_213.wav,ZhaoZuoxiang,happy,1
ZhaoZuoxiang_happy_243.wav,data\processed\CASIA\train\ZhaoZuoxiang_happy_243.wav,ZhaoZuoxiang,happy,1
ZhaoZuoxiang_surprise_216.wav,data\processed\CASIA\train\ZhaoZuoxiang_surprise_216.wav,ZhaoZuoxiang,surprise,5
ZhaoZuoxiang_neutral_240.wav,data\processed\CASIA\train\ZhaoZuoxiang_neutral_240.wav,ZhaoZuoxiang,neutral,0
ZhaoZuoxiang_sad_215.wav,data\processed\CASIA\train\ZhaoZuoxiang_sad_215.wav,ZhaoZuoxiang,sad,2
ZhaoZuoxiang_happy_218.wav,data\processed\CASIA\train\ZhaoZuoxiang_happy_218.wav,ZhaoZuoxiang,happy,1
ZhaoZuoxiang_fear_240.wav,data\processed\CASIA\train\ZhaoZuoxiang_fear_240.wav,ZhaoZuoxiang,fear,4
ZhaoZuoxiang_sad_204.wav,data\processed\CASIA\train\ZhaoZuoxiang_sad_204.wav,ZhaoZuoxiang,sad,2
ZhaoZuoxiang_neutral_245.wav,data\processed\CASIA\train\ZhaoZuoxiang_neutral_245.wav,ZhaoZuoxiang,neutral,0
ZhaoZuoxiang_angry_240.wav,data\processed\CASIA\train\ZhaoZuoxiang_angry_240.wav,ZhaoZuoxiang,angry,3
ZhaoZuoxiang_sad_240.wav,data\processed\CASIA\train\ZhaoZuoxiang_sad_240.wav,ZhaoZuoxiang,sad,2
ZhaoZuoxiang_sad_236.wav,data\processed\CASIA\train\ZhaoZuoxiang_sad_236.wav,ZhaoZuoxiang,sad,2
ZhaoZuoxiang_angry_220.wav,data\processed\CASIA\train\ZhaoZuoxiang_angry_220.wav,ZhaoZuoxiang,angry,3
ZhaoZuoxiang_happy_206.wav,data\processed\CASIA\train\ZhaoZuoxiang_happy_206.wav,ZhaoZuoxiang,happy,1
ZhaoZuoxiang_sad_218.wav,data\processed\CASIA\train\ZhaoZuoxiang_sad_218.wav,ZhaoZuoxiang,sad,2
ZhaoZuoxiang_surprise_243.wav,data\processed\CASIA\train\ZhaoZuoxiang_surprise_243.wav,ZhaoZuoxiang,surprise,5
ZhaoZuoxiang_sad_222.wav,data\processed\CASIA\train\ZhaoZuoxiang_sad_222.wav,ZhaoZuoxiang,sad,2
ZhaoZuoxiang_happy_244.wav,data\processed\CASIA\train\ZhaoZuoxiang_happy_244.wav,ZhaoZuoxiang,happy,1
ZhaoZuoxiang_surprise_213.wav,data\processed\CASIA\train\ZhaoZuoxiang_surprise_213.wav,ZhaoZuoxiang,surprise,5
ZhaoZuoxiang_surprise_206.wav,data\processed\CASIA\train\ZhaoZuoxiang_surprise_206.wav,ZhaoZuoxiang,surprise,5
ZhaoZuoxiang_fear_229.wav,data\processed\CASIA\train\ZhaoZuoxiang_fear_229.wav,ZhaoZuoxiang,fear,4
ZhaoZuoxiang_sad_239.wav,data\processed\CASIA\train\ZhaoZuoxiang_sad_239.wav,ZhaoZuoxiang,sad,2
ZhaoZuoxiang_fear_221.wav,data\processed\CASIA\train\ZhaoZuoxiang_fear_221.wav,ZhaoZuoxiang,fear,4
ZhaoZuoxiang_neutral_204.wav,data\processed\CASIA\train\ZhaoZuoxiang_neutral_204.wav,ZhaoZuoxiang,neutral,0
ZhaoZuoxiang_happy_220.wav,data\processed\CASIA\train\ZhaoZuoxiang_happy_220.wav,ZhaoZuoxiang,happy,1
ZhaoZuoxiang_happy_204.wav,data\processed\CASIA\train\ZhaoZuoxiang_happy_204.wav,ZhaoZuoxiang,happy,1
ZhaoZuoxiang_sad_241.wav,data\processed\CASIA\train\ZhaoZuoxiang_sad_241.wav,ZhaoZuoxiang,sad,2
ZhaoZuoxiang_neutral_248.wav,data\processed\CASIA\train\ZhaoZuoxiang_neutral_248.wav,ZhaoZuoxiang,neutral,0
ZhaoZuoxiang_fear_243.wav,data\processed\CASIA\train\ZhaoZuoxiang_fear_243.wav,ZhaoZuoxiang,fear,4
ZhaoZuoxiang_happy_214.wav,data\processed\CASIA\train\ZhaoZuoxiang_happy_214.wav,ZhaoZuoxiang,happy,1
ZhaoZuoxiang_sad_225.wav,data\processed\CASIA\train\ZhaoZuoxiang_sad_225.wav,ZhaoZuoxiang,sad,2
ZhaoZuoxiang_surprise_224.wav,data\processed\CASIA\train\ZhaoZuoxiang_surprise_224.wav,ZhaoZuoxiang,surprise,5
ZhaoZuoxiang_fear_210.wav,data\processed\CASIA\train\ZhaoZuoxiang_fear_210.wav,ZhaoZuoxiang,fear,4
ZhaoZuoxiang_neutral_231.wav,data\processed\CASIA\train\ZhaoZuoxiang_neutral_231.wav,ZhaoZuoxiang,neutral,0
ZhaoZuoxiang_happy_202.wav,data\processed\CASIA\train\ZhaoZuoxiang_happy_202.wav,ZhaoZuoxiang,happy,1
ZhaoZuoxiang_angry_231.wav,data\processed\CASIA\train\ZhaoZuoxiang_angry_231.wav,ZhaoZuoxiang,angry,3
ZhaoZuoxiang_happy_230.wav,data\processed\CASIA\train\ZhaoZuoxiang_happy_230.wav,ZhaoZuoxiang,happy,1
ZhaoZuoxiang_angry_234.wav,data\processed\CASIA\train\ZhaoZuoxiang_angry_234.wav,ZhaoZuoxiang,angry,3
ZhaoZuoxiang_neutral_225.wav,data\processed\CASIA\train\ZhaoZuoxiang_neutral_225.wav,ZhaoZuoxiang,neutral,0
ZhaoZuoxiang_happy_247.wav,data\processed\CASIA\train\ZhaoZuoxiang_happy_247.wav,ZhaoZuoxiang,happy,1
ZhaoZuoxiang_surprise_247.wav,data\processed\CASIA\train\ZhaoZuoxiang_surprise_247.wav,ZhaoZuoxiang,surprise,5
ZhaoZuoxiang_sad_235.wav,data\processed\CASIA\train\ZhaoZuoxiang_sad_235.wav,ZhaoZuoxiang,sad,2
ZhaoZuoxiang_happy_210.wav,data\processed\CASIA\train\ZhaoZuoxiang_happy_210.wav,ZhaoZuoxiang,happy,1
ZhaoZuoxiang_happy_225.wav,data\processed\CASIA\train\ZhaoZuoxiang_happy_225.wav,ZhaoZuoxiang,happy,1
ZhaoZuoxiang_sad_243.wav,data\processed\CASIA\train\ZhaoZuoxiang_sad_243.wav,ZhaoZuoxiang,sad,2
ZhaoZuoxiang_angry_202.wav,data\processed\CASIA\train\ZhaoZuoxiang_angry_202.wav,ZhaoZuoxiang,angry,3
ZhaoZuoxiang_surprise_246.wav,data\processed\CASIA\train\ZhaoZuoxiang_surprise_246.wav,ZhaoZuoxiang,surprise,5
ZhaoZuoxiang_neutral_249.wav,data\processed\CASIA\train\ZhaoZuoxiang_neutral_249.wav,ZhaoZuoxiang,neutral,0
ZhaoZuoxiang_angry_214.wav,data\processed\CASIA\train\ZhaoZuoxiang_angry_214.wav,ZhaoZuoxiang,angry,3
ZhaoZuoxiang_angry_205.wav,data\processed\CASIA\train\ZhaoZuoxiang_angry_205.wav,ZhaoZuoxiang,angry,3
ZhaoZuoxiang_angry_233.wav,data\processed\CASIA\train\ZhaoZuoxiang_angry_233.wav,ZhaoZuoxiang,angry,3
ZhaoZuoxiang_angry_225.wav,data\processed\CASIA\train\ZhaoZuoxiang_angry_225.wav,ZhaoZuoxiang,angry,3
ZhaoZuoxiang_happy_246.wav,data\processed\CASIA\train\ZhaoZuoxiang_happy_246.wav,ZhaoZuoxiang,happy,1
ZhaoZuoxiang_happy_203.wav,data\processed\CASIA\train\ZhaoZuoxiang_happy_203.wav,ZhaoZuoxiang,happy,1
ZhaoZuoxiang_happy_245.wav,data\processed\CASIA\train\ZhaoZuoxiang_happy_245.wav,ZhaoZuoxiang,happy,1
ZhaoZuoxiang_happy_216.wav,data\processed\CASIA\train\ZhaoZuoxiang_happy_216.wav,ZhaoZuoxiang,happy,1
ZhaoZuoxiang_neutral_250.wav,data\processed\CASIA\train\ZhaoZuoxiang_neutral_250.wav,ZhaoZuoxiang,neutral,0
ZhaoZuoxiang_neutral_238.wav,data\processed\CASIA\train\ZhaoZuoxiang_neutral_238.wav,ZhaoZuoxiang,neutral,0
ZhaoZuoxiang_angry_248.wav,data\processed\CASIA\train\ZhaoZuoxiang_angry_248.wav,ZhaoZuoxiang,angry,3
ZhaoZuoxiang_surprise_229.wav,data\processed\CASIA\train\ZhaoZuoxiang_surprise_229.wav,ZhaoZuoxiang,surprise,5
ZhaoZuoxiang_neutral_234.wav,data\processed\CASIA\train\ZhaoZuoxiang_neutral_234.wav,ZhaoZuoxiang,neutral,0
ZhaoZuoxiang_neutral_205.wav,data\processed\CASIA\train\ZhaoZuoxiang_neutral_205.wav,ZhaoZuoxiang,neutral,0
ZhaoZuoxiang_neutral_233.wav,data\processed\CASIA\train\ZhaoZuoxiang_neutral_233.wav,ZhaoZuoxiang,neutral,0
ZhaoZuoxiang_fear_246.wav,data\processed\CASIA\train\ZhaoZuoxiang_fear_246.wav,ZhaoZuoxiang,fear,4
ZhaoZuoxiang_fear_232.wav,data\processed\CASIA\train\ZhaoZuoxiang_fear_232.wav,ZhaoZuoxiang,fear,4
ZhaoZuoxiang_fear_231.wav,data\processed\CASIA\train\ZhaoZuoxiang_fear_231.wav,ZhaoZuoxiang,fear,4
ZhaoZuoxiang_surprise_202.wav,data\processed\CASIA\train\ZhaoZuoxiang_surprise_202.wav,ZhaoZuoxiang,surprise,5
ZhaoZuoxiang_surprise_212.wav,data\processed\CASIA\train\ZhaoZuoxiang_surprise_212.wav,ZhaoZuoxiang,surprise,5
ZhaoZuoxiang_angry_218.wav,data\processed\CASIA\train\ZhaoZuoxiang_angry_218.wav,ZhaoZuoxiang,angry,3
ZhaoZuoxiang_happy_226.wav,data\processed\CASIA\train\ZhaoZuoxiang_happy_226.wav,ZhaoZuoxiang,happy,1
ZhaoZuoxiang_fear_233.wav,data\processed\CASIA\train\ZhaoZuoxiang_fear_233.wav,ZhaoZuoxiang,fear,4
ZhaoZuoxiang_surprise_238.wav,data\processed\CASIA\train\ZhaoZuoxiang_surprise_238.wav,ZhaoZuoxiang,surprise,5
ZhaoZuoxiang_neutral_211.wav,data\processed\CASIA\train\ZhaoZuoxiang_neutral_211.wav,ZhaoZuoxiang,neutral,0
ZhaoZuoxiang_sad_210.wav,data\processed\CASIA\train\ZhaoZuoxiang_sad_210.wav,ZhaoZuoxiang,sad,2
ZhaoZuoxiang_sad_244.wav,data\processed\CASIA\train\ZhaoZuoxiang_sad_244.wav,ZhaoZuoxiang,sad,2
ZhaoZuoxiang_fear_238.wav,data\processed\CASIA\train\ZhaoZuoxiang_fear_238.wav,ZhaoZuoxiang,fear,4
ZhaoZuoxiang_fear_223.wav,data\processed\CASIA\train\ZhaoZuoxiang_fear_223.wav,ZhaoZuoxiang,fear,4
ZhaoZuoxiang_fear_225.wav,data\processed\CASIA\train\ZhaoZuoxiang_fear_225.wav,ZhaoZuoxiang,fear,4
ZhaoZuoxiang_sad_224.wav,data\processed\CASIA\train\ZhaoZuoxiang_sad_224.wav,ZhaoZuoxiang,sad,2
ZhaoZuoxiang_neutral_223.wav,data\processed\CASIA\train\ZhaoZuoxiang_neutral_223.wav,ZhaoZuoxiang,neutral,0
ZhaoZuoxiang_happy_224.wav,data\processed\CASIA\train\ZhaoZuoxiang_happy_224.wav,ZhaoZuoxiang,happy,1
ZhaoZuoxiang_neutral_217.wav,data\processed\CASIA\train\ZhaoZuoxiang_neutral_217.wav,ZhaoZuoxiang,neutral,0
ZhaoZuoxiang_surprise_208.wav,data\processed\CASIA\train\ZhaoZuoxiang_surprise_208.wav,ZhaoZuoxiang,surprise,5
ZhaoZuoxiang_fear_241.wav,data\processed\CASIA\train\ZhaoZuoxiang_fear_241.wav,ZhaoZuoxiang,fear,4
ZhaoZuoxiang_sad_206.wav,data\processed\CASIA\train\ZhaoZuoxiang_sad_206.wav,ZhaoZuoxiang,sad,2
ZhaoZuoxiang_surprise_250.wav,data\processed\CASIA\train\ZhaoZuoxiang_surprise_250.wav,ZhaoZuoxiang,surprise,5
ZhaoZuoxiang_sad_231.wav,data\processed\CASIA\train\ZhaoZuoxiang_sad_231.wav,ZhaoZuoxiang,sad,2
ZhaoZuoxiang_surprise_210.wav,data\processed\CASIA\train\ZhaoZuoxiang_surprise_210.wav,ZhaoZuoxiang,surprise,5
ZhaoZuoxiang_surprise_242.wav,data\processed\CASIA\train\ZhaoZuoxiang_surprise_242.wav,ZhaoZuoxiang,surprise,5
ZhaoZuoxiang_fear_242.wav,data\processed\CASIA\train\ZhaoZuoxiang_fear_242.wav,ZhaoZuoxiang,fear,4
ZhaoZuoxiang_neutral_212.wav,data\processed\CASIA\train\ZhaoZuoxiang_neutral_212.wav,ZhaoZuoxiang,neutral,0
ZhaoZuoxiang_sad_230.wav,data\processed\CASIA\train\ZhaoZuoxiang_sad_230.wav,ZhaoZuoxiang,sad,2
ZhaoZuoxiang_fear_212.wav,data\processed\CASIA\train\ZhaoZuoxiang_fear_212.wav,ZhaoZuoxiang,fear,4
ZhaoZuoxiang_happy_222.wav,data\processed\CASIA\train\ZhaoZuoxiang_happy_222.wav,ZhaoZuoxiang,happy,1
ZhaoZuoxiang_happy_215.wav,data\processed\CASIA\train\ZhaoZuoxiang_happy_215.wav,ZhaoZuoxiang,happy,1
ZhaoZuoxiang_angry_204.wav,data\processed\CASIA\train\ZhaoZuoxiang_angry_204.wav,ZhaoZuoxiang,angry,3
ZhaoZuoxiang_happy_221.wav,data\processed\CASIA\train\ZhaoZuoxiang_happy_221.wav,ZhaoZuoxiang,happy,1
ZhaoZuoxiang_surprise_244.wav,data\processed\CASIA\train\ZhaoZuoxiang_surprise_244.wav,ZhaoZuoxiang,surprise,5
ZhaoZuoxiang_happy_229.wav,data\processed\CASIA\train\ZhaoZuoxiang_happy_229.wav,ZhaoZuoxiang,happy,1
ZhaoZuoxiang_angry_209.wav,data\processed\CASIA\train\ZhaoZuoxiang_angry_209.wav,ZhaoZuoxiang,angry,3
ZhaoZuoxiang_angry_207.wav,data\processed\CASIA\train\ZhaoZuoxiang_angry_207.wav,ZhaoZuoxiang,angry,3
ZhaoZuoxiang_neutral_214.wav,data\processed\CASIA\train\ZhaoZuoxiang_neutral_214.wav,ZhaoZuoxiang,neutral,0
ZhaoZuoxiang_surprise_227.wav,data\processed\CASIA\train\ZhaoZuoxiang_surprise_227.wav,ZhaoZuoxiang,surprise,5
ZhaoZuoxiang_fear_237.wav,data\processed\CASIA\train\ZhaoZuoxiang_fear_237.wav,ZhaoZuoxiang,fear,4
ZhaoZuoxiang_angry_216.wav,data\processed\CASIA\train\ZhaoZuoxiang_angry_216.wav,ZhaoZuoxiang,angry,3
ZhaoZuoxiang_fear_201.wav,data\processed\CASIA\train\ZhaoZuoxiang_fear_201.wav,ZhaoZuoxiang,fear,4
ZhaoZuoxiang_fear_230.wav,data\processed\CASIA\train\ZhaoZuoxiang_fear_230.wav,ZhaoZuoxiang,fear,4
ZhaoZuoxiang_fear_224.wav,data\processed\CASIA\train\ZhaoZuoxiang_fear_224.wav,ZhaoZuoxiang,fear,4
ZhaoZuoxiang_fear_215.wav,data\processed\CASIA\train\ZhaoZuoxiang_fear_215.wav,ZhaoZuoxiang,fear,4
ZhaoZuoxiang_angry_238.wav,data\processed\CASIA\train\ZhaoZuoxiang_angry_238.wav,ZhaoZuoxiang,angry,3
ZhaoZuoxiang_fear_222.wav,data\processed\CASIA\train\ZhaoZuoxiang_fear_222.wav,ZhaoZuoxiang,fear,4
ZhaoZuoxiang_sad_209.wav,data\processed\CASIA\train\ZhaoZuoxiang_sad_209.wav,ZhaoZuoxiang,sad,2
ZhaoZuoxiang_angry_201.wav,data\processed\CASIA\train\ZhaoZuoxiang_angry_201.wav,ZhaoZuoxiang,angry,3
ZhaoZuoxiang_fear_247.wav,data\processed\CASIA\train\ZhaoZuoxiang_fear_247.wav,ZhaoZuoxiang,fear,4
ZhaoZuoxiang_fear_245.wav,data\processed\CASIA\train\ZhaoZuoxiang_fear_245.wav,ZhaoZuoxiang,fear,4
ZhaoZuoxiang_neutral_244.wav,data\processed\CASIA\train\ZhaoZuoxiang_neutral_244.wav,ZhaoZuoxiang,neutral,0
ZhaoZuoxiang_sad_208.wav,data\processed\CASIA\train\ZhaoZuoxiang_sad_208.wav,ZhaoZuoxiang,sad,2
ZhaoZuoxiang_sad_227.wav,data\processed\CASIA\train\ZhaoZuoxiang_sad_227.wav,ZhaoZuoxiang,sad,2
ZhaoZuoxiang_neutral_237.wav,data\processed\CASIA\train\ZhaoZuoxiang_neutral_237.wav,ZhaoZuoxiang,neutral,0
ZhaoZuoxiang_neutral_203.wav,data\processed\CASIA\train\ZhaoZuoxiang_neutral_203.wav,ZhaoZuoxiang,neutral,0
ZhaoZuoxiang_happy_240.wav,data\processed\CASIA\train\ZhaoZuoxiang_happy_240.wav,ZhaoZuoxiang,happy,1
ZhaoZuoxiang_angry_212.wav,data\processed\CASIA\train\ZhaoZuoxiang_angry_212.wav,ZhaoZuoxiang,angry,3
ZhaoZuoxiang_neutral_224.wav,data\processed\CASIA\train\ZhaoZuoxiang_neutral_224.wav,ZhaoZuoxiang,neutral,0
ZhaoZuoxiang_sad_229.wav,data\processed\CASIA\train\ZhaoZuoxiang_sad_229.wav,ZhaoZuoxiang,sad,2
ZhaoZuoxiang_happy_223.wav,data\processed\CASIA\train\ZhaoZuoxiang_happy_223.wav,ZhaoZuoxiang,happy,1
ZhaoZuoxiang_sad_238.wav,data\processed\CASIA\train\ZhaoZuoxiang_sad_238.wav,ZhaoZuoxiang,sad,2
ZhaoZuoxiang_fear_227.wav,data\processed\CASIA\train\ZhaoZuoxiang_fear_227.wav,ZhaoZuoxiang,fear,4
ZhaoZuoxiang_surprise_226.wav,data\processed\CASIA\train\ZhaoZuoxiang_surprise_226.wav,ZhaoZuoxiang,surprise,5
ZhaoZuoxiang_angry_232.wav,data\processed\CASIA\train\ZhaoZuoxiang_angry_232.wav,ZhaoZuoxiang,angry,3
ZhaoZuoxiang_angry_247.wav,data\processed\CASIA\train\ZhaoZuoxiang_angry_247.wav,ZhaoZuoxiang,angry,3
ZhaoZuoxiang_surprise_232.wav,data\processed\CASIA\train\ZhaoZuoxiang_surprise_232.wav,ZhaoZuoxiang,surprise,5
ZhaoZuoxiang_fear_249.wav,data\processed\CASIA\train\ZhaoZuoxiang_fear_249.wav,ZhaoZuoxiang,fear,4
ZhaoZuoxiang_neutral_235.wav,data\processed\CASIA\train\ZhaoZuoxiang_neutral_235.wav,ZhaoZuoxiang,neutral,0
ZhaoZuoxiang_sad_220.wav,data\processed\CASIA\train\ZhaoZuoxiang_sad_220.wav,ZhaoZuoxiang,sad,2
ZhaoZuoxiang_happy_201.wav,data\processed\CASIA\train\ZhaoZuoxiang_happy_201.wav,ZhaoZuoxiang,happy,1
ZhaoZuoxiang_sad_234.wav,data\processed\CASIA\train\ZhaoZuoxiang_sad_234.wav,ZhaoZuoxiang,sad,2
ZhaoZuoxiang_happy_232.wav,data\processed\CASIA\train\ZhaoZuoxiang_happy_232.wav,ZhaoZuoxiang,happy,1
ZhaoZuoxiang_angry_235.wav,data\processed\CASIA\train\ZhaoZuoxiang_angry_235.wav,ZhaoZuoxiang,angry,3
ZhaoZuoxiang_fear_239.wav,data\processed\CASIA\train\ZhaoZuoxiang_fear_239.wav,ZhaoZuoxiang,fear,4
ZhaoZuoxiang_neutral_208.wav,data\processed\CASIA\train\ZhaoZuoxiang_neutral_208.wav,ZhaoZuoxiang,neutral,0
ZhaoZuoxiang_happy_238.wav,data\processed\CASIA\train\ZhaoZuoxiang_happy_238.wav,ZhaoZuoxiang,happy,1
ZhaoZuoxiang_angry_249.wav,data\processed\CASIA\train\ZhaoZuoxiang_angry_249.wav,ZhaoZuoxiang,angry,3
ZhaoZuoxiang_neutral_219.wav,data\processed\CASIA\train\ZhaoZuoxiang_neutral_219.wav,ZhaoZuoxiang,neutral,0
ZhaoZuoxiang_fear_219.wav,data\processed\CASIA\train\ZhaoZuoxiang_fear_219.wav,ZhaoZuoxiang,fear,4
ZhaoZuoxiang_surprise_214.wav,data\processed\CASIA\train\ZhaoZuoxiang_surprise_214.wav,ZhaoZuoxiang,surprise,5
ZhaoZuoxiang_angry_242.wav,data\processed\CASIA\train\ZhaoZuoxiang_angry_242.wav,ZhaoZuoxiang,angry,3
ZhaoZuoxiang_fear_234.wav,data\processed\CASIA\train\ZhaoZuoxiang_fear_234.wav,ZhaoZuoxiang,fear,4
ZhaoZuoxiang_angry_222.wav,data\processed\CASIA\train\ZhaoZuoxiang_angry_222.wav,ZhaoZuoxiang,angry,3
ZhaoZuoxiang_angry_246.wav,data\processed\CASIA\train\ZhaoZuoxiang_angry_246.wav,ZhaoZuoxiang,angry,3
ZhaoZuoxiang_sad_221.wav,data\processed\CASIA\train\ZhaoZuoxiang_sad_221.wav,ZhaoZuoxiang,sad,2
ZhaoZuoxiang_surprise_209.wav,data\processed\CASIA\train\ZhaoZuoxiang_surprise_209.wav,ZhaoZuoxiang,surprise,5
ZhaoZuoxiang_fear_216.wav,data\processed\CASIA\train\ZhaoZuoxiang_fear_216.wav,ZhaoZuoxiang,fear,4
ZhaoZuoxiang_neutral_218.wav,data\processed\CASIA\train\ZhaoZuoxiang_neutral_218.wav,ZhaoZuoxiang,neutral,0
ZhaoZuoxiang_angry_228.wav,data\processed\CASIA\train\ZhaoZuoxiang_angry_228.wav,ZhaoZuoxiang,angry,3
ZhaoZuoxiang_happy_227.wav,data\processed\CASIA\train\ZhaoZuoxiang_happy_227.wav,ZhaoZuoxiang,happy,1
ZhaoZuoxiang_angry_206.wav,data\processed\CASIA\train\ZhaoZuoxiang_angry_206.wav,ZhaoZuoxiang,angry,3
ZhaoZuoxiang_surprise_245.wav,data\processed\CASIA\train\ZhaoZuoxiang_surprise_245.wav,ZhaoZuoxiang,surprise,5
ZhaoZuoxiang_surprise_249.wav,data\processed\CASIA\train\ZhaoZuoxiang_surprise_249.wav,ZhaoZuoxiang,surprise,5
ZhaoZuoxiang_angry_245.wav,data\processed\CASIA\train\ZhaoZuoxiang_angry_245.wav,ZhaoZuoxiang,angry,3
ZhaoZuoxiang_angry_226.wav,data\processed\CASIA\train\ZhaoZuoxiang_angry_226.wav,ZhaoZuoxiang,angry,3
ZhaoZuoxiang_surprise_220.wav,data\processed\CASIA\train\ZhaoZuoxiang_surprise_220.wav,ZhaoZuoxiang,surprise,5
ZhaoZuoxiang_fear_205.wav,data\processed\CASIA\train\ZhaoZuoxiang_fear_205.wav,ZhaoZuoxiang,fear,4
ZhaoZuoxiang_neutral_241.wav,data\processed\CASIA\train\ZhaoZuoxiang_neutral_241.wav,ZhaoZuoxiang,neutral,0
ZhaoZuoxiang_fear_203.wav,data\processed\CASIA\train\ZhaoZuoxiang_fear_203.wav,ZhaoZuoxiang,fear,4
ZhaoZuoxiang_sad_216.wav,data\processed\CASIA\train\ZhaoZuoxiang_sad_216.wav,ZhaoZuoxiang,sad,2
ZhaoZuoxiang_angry_217.wav,data\processed\CASIA\train\ZhaoZuoxiang_angry_217.wav,ZhaoZuoxiang,angry,3
ZhaoZuoxiang_neutral_210.wav,data\processed\CASIA\train\ZhaoZuoxiang_neutral_210.wav,ZhaoZuoxiang,neutral,0
ZhaoZuoxiang_neutral_226.wav,data\processed\CASIA\train\ZhaoZuoxiang_neutral_226.wav,ZhaoZuoxiang,neutral,0
ZhaoZuoxiang_surprise_215.wav,data\processed\CASIA\train\ZhaoZuoxiang_surprise_215.wav,ZhaoZuoxiang,surprise,5
ZhaoZuoxiang_surprise_236.wav,data\processed\CASIA\train\ZhaoZuoxiang_surprise_236.wav,ZhaoZuoxiang,surprise,5
ZhaoZuoxiang_surprise_205.wav,data\processed\CASIA\train\ZhaoZuoxiang_surprise_205.wav,ZhaoZuoxiang,surprise,5
ZhaoZuoxiang_surprise_203.wav,data\processed\CASIA\train\ZhaoZuoxiang_surprise_203.wav,ZhaoZuoxiang,surprise,5
ZhaoZuoxiang_sad_214.wav,data\processed\CASIA\train\ZhaoZuoxiang_sad_214.wav,ZhaoZuoxiang,sad,2
ZhaoZuoxiang_surprise_221.wav,data\processed\CASIA\train\ZhaoZuoxiang_surprise_221.wav,ZhaoZuoxiang,surprise,5
ZhaoZuoxiang_neutral_201.wav,data\processed\CASIA\train\ZhaoZuoxiang_neutral_201.wav,ZhaoZuoxiang,neutral,0
ZhaoZuoxiang_neutral_247.wav,data\processed\CASIA\train\ZhaoZuoxiang_neutral_247.wav,ZhaoZuoxiang,neutral,0
ZhaoZuoxiang_neutral_209.wav,data\processed\CASIA\train\ZhaoZuoxiang_neutral_209.wav,ZhaoZuoxiang,neutral,0
ZhaoZuoxiang_sad_213.wav,data\processed\CASIA\train\ZhaoZuoxiang_sad_213.wav,ZhaoZuoxiang,sad,2
ZhaoZuoxiang_fear_250.wav,data\processed\CASIA\train\ZhaoZuoxiang_fear_250.wav,ZhaoZuoxiang,fear,4
ZhaoZuoxiang_angry_210.wav,data\processed\CASIA\train\ZhaoZuoxiang_angry_210.wav,ZhaoZuoxiang,angry,3
ZhaoZuoxiang_sad_207.wav,data\processed\CASIA\train\ZhaoZuoxiang_sad_207.wav,ZhaoZuoxiang,sad,2
ZhaoZuoxiang_angry_237.wav,data\processed\CASIA\train\ZhaoZuoxiang_angry_237.wav,ZhaoZuoxiang,angry,3
ZhaoZuoxiang_fear_218.wav,data\processed\CASIA\train\ZhaoZuoxiang_fear_218.wav,ZhaoZuoxiang,fear,4
ZhaoZuoxiang_sad_242.wav,data\processed\CASIA\train\ZhaoZuoxiang_sad_242.wav,ZhaoZuoxiang,sad,2
ZhaoZuoxiang_sad_211.wav,data\processed\CASIA\train\ZhaoZuoxiang_sad_211.wav,ZhaoZuoxiang,sad,2
ZhaoZuoxiang_surprise_204.wav,data\processed\CASIA\train\ZhaoZuoxiang_surprise_204.wav,ZhaoZuoxiang,surprise,5
ZhaoZuoxiang_sad_205.wav,data\processed\CASIA\train\ZhaoZuoxiang_sad_205.wav,ZhaoZuoxiang,sad,2
ZhaoZuoxiang_fear_213.wav,data\processed\CASIA\train\ZhaoZuoxiang_fear_213.wav,ZhaoZuoxiang,fear,4
ZhaoZuoxiang_surprise_234.wav,data\processed\CASIA\train\ZhaoZuoxiang_surprise_234.wav,ZhaoZuoxiang,surprise,5
